time,portfolio_value,cumulative_pnl
2022-09-27 11:00:00-04:00,100021.03393941211,21.03393941211751
2022-09-28 15:00:00-04:00,99957.17789875265,-42.822101247350545
2022-09-29 10:00:00-04:00,99978.23285025834,-21.767149741651618
2022-09-30 11:00:00-04:00,99999.10987425834,-0.8901257416515946
2022-10-03 15:00:00-04:00,99946.70701351049,-53.29298648950195
2022-10-04 15:00:00-04:00,99952.91052529613,-47.089474703859146
2022-10-05 13:00:00-04:00,99973.80708529612,-26.19291470385906
2022-10-06 15:00:00-04:00,99949.21482004358,-50.78517995640844
2022-10-07 12:00:00-04:00,99970.30249962767,-29.697500372325326
2022-10-10 11:00:00-04:00,99991.34361118135,-8.65638881863591
2022-10-11 15:00:00-04:00,99984.34578083942,-15.654219160567393
2022-10-12 15:00:00-04:00,99969.3720519276,-30.627948072384847
2022-10-13 10:00:00-04:00,99990.27420792759,-9.725792072384884
2022-10-14 10:00:00-04:00,100011.47402377242,11.474023772446191
2022-10-17 15:00:00-04:00,100020.95387199157,20.953871991602384
2022-10-18 10:00:00-04:00,100042.2017818696,42.201781869626885
2022-10-19 10:00:00-04:00,100063.33852786961,63.338527869626866
2022-10-20 10:00:00-04:00,100084.4205278696,84.42052786962694
2022-10-21 12:00:00-04:00,100105.6684538696,105.66845386962706
2022-10-25 15:00:00-04:00,100121.01547448747,121.0154744875034
2022-10-26 10:00:00-04:00,100142.30797848747,142.30797848750348
2022-10-27 15:00:00-04:00,100155.14543001277,155.14543001279853
2022-10-28 10:00:00-04:00,100176.33989001276,176.33989001279858
2022-10-31 15:00:00-04:00,100169.69903397917,169.69903397920524
2022-11-01 10:00:00-04:00,100191.05305401515,191.05305401519797
2022-11-02 12:00:00-04:00,100212.37489404714,212.37489404719173
2022-11-03 15:00:00-04:00,100210.81740178079,210.817401780845
2022-11-04 11:00:00-04:00,100231.87780944326,231.87780944331254
2022-11-07 15:00:00-05:00,100195.07016948645,195.07016948650394
2022-11-08 14:00:00-05:00,100216.2155132497,216.21551324975133
2022-11-09 13:00:00-05:00,100237.24185681298,237.24185681303882
2022-11-10 15:00:00-05:00,100258.31769681298,258.31769681303876
2022-11-11 10:00:00-05:00,100279.45800881299,279.45800881303876
2022-11-14 15:00:00-05:00,100279.96087854904,279.96087854909155
2022-11-15 15:00:00-05:00,100249.32905713092,249.32905713097503
2022-11-16 15:00:00-05:00,100259.2805771909,259.2805771909632
2022-11-17 10:00:00-05:00,100280.4911131909,280.4911131909632
2022-11-18 10:00:00-05:00,100301.72125296295,301.7212529630087
2022-11-21 15:00:00-05:00,100281.08799188957,281.0879918896234
2022-11-22 15:00:00-05:00,100227.5738312489,227.57383124895176
2022-11-23 15:00:00-05:00,100235.5357592281,235.53575922815585
2022-11-25 12:00:00-05:00,100229.86323038027,229.8632303803254
2022-11-28 15:00:00-05:00,100191.22284865862,191.22284865866985
2022-11-29 11:00:00-05:00,100212.37194831869,212.37194831873794
2022-11-30 13:00:00-05:00,100233.4287943187,233.42879431873806
2022-12-01 15:00:00-05:00,100220.73777517892,220.7377751789661
2022-12-02 11:00:00-05:00,100241.99487917892,241.99487917896613
2022-12-05 15:00:00-05:00,100208.49654135529,208.49654135533083
2022-12-06 12:00:00-05:00,100229.51655676021,229.5165567602498
2022-12-07 15:00:00-05:00,100219.31567865783,219.31567865787022
2022-12-08 15:00:00-05:00,100229.25762867503,229.25762867506685
2022-12-09 10:00:00-05:00,100250.43742667502,250.4374266750668
2022-12-12 15:00:00-05:00,100271.50451867502,271.50451867506695
2022-12-13 10:00:00-05:00,100292.51000596157,292.51000596160964
2022-12-14 15:00:00-05:00,100255.15870835709,255.15870835713065
2022-12-15 11:00:00-05:00,100276.29979803915,276.29979803919434
2022-12-16 15:00:00-05:00,100246.32519891378,246.3251989138195
2022-12-19 11:00:00-05:00,100267.36655648626,267.36655648630517
2022-12-20 15:00:00-05:00,100268.06652651825,268.0665265182988
2022-12-21 10:00:00-05:00,100289.24586651825,289.24586651829884
2022-12-22 10:00:00-05:00,100310.46497847186,310.4649784719081
2022-12-23 15:00:00-05:00,100270.52768241867,270.5276824187189
2022-12-27 15:00:00-05:00,100273.6699442711,273.66994427114827
2022-12-28 15:00:00-05:00,100224.30916637747,224.3091663775269
2022-12-29 11:00:00-05:00,100245.23661037747,245.23661037752711
2022-12-30 15:00:00-05:00,100266.22904637747,266.22904637752714
2023-01-03 11:00:00-05:00,100287.33354615752,287.3335461575713
2023-01-04 10:00:00-05:00,100308.3621817984,308.3621817984431
2023-01-05 15:00:00-05:00,100321.16730155844,321.16730155849126
2023-01-06 15:00:00-05:00,100238.40278537128,238.40278537132866
2023-01-09 15:00:00-05:00,100206.21454556604,206.21454556608978
2023-01-10 15:00:00-05:00,100224.5118762139,224.5118762139602
2023-01-11 13:00:00-05:00,100245.6456262139,245.64562621396027
2023-01-12 15:00:00-05:00,100198.06714212551,198.06714212557785
2023-01-13 13:00:00-05:00,100219.05935412551,219.05935412557784
2023-01-17 15:00:00-05:00,100221.11386572919,221.1138657292572
2023-01-18 15:00:00-05:00,100159.76855904653,159.76855904659394
2023-01-19 11:00:00-05:00,100180.80967060021,180.80967060028334
2023-01-20 11:00:00-05:00,100201.7462926002,201.74629260028343
2023-01-23 11:00:00-05:00,100222.8646146002,222.86461460028346
2023-01-24 15:00:00-05:00,100227.52813435465,227.5281343547327
2023-01-25 15:00:00-05:00,100160.97127772318,160.97127772325894
2023-01-26 15:00:00-05:00,100128.16946726126,128.1694672613514
2023-01-27 12:00:00-05:00,100149.11218726127,149.1121872613515
2023-01-30 15:00:00-05:00,100110.87912981516,110.87912981524073
2023-01-31 11:00:00-05:00,100132.05036981516,132.05036981524069
2023-02-01 14:00:00-05:00,100153.07745581516,153.0774558152407
2023-02-02 15:00:00-05:00,100112.0157591753,112.01575917536861
2023-02-03 10:00:00-05:00,100133.3149871753,133.31498717536869
2023-02-06 15:00:00-05:00,100124.34525998034,124.34525998040765
2023-02-07 15:00:00-05:00,100058.3356196364,58.33561963647641
2023-02-08 10:00:00-05:00,100079.46920710291,79.4692071029832
2023-02-09 11:00:00-05:00,100100.42883025028,100.42883025035374
2023-02-10 15:00:00-05:00,100099.60869425988,99.60869425995189
2023-02-13 13:00:00-05:00,100120.55525425987,120.55525425995182
2023-02-14 15:00:00-05:00,100131.07975603192,131.07975603199748
2023-02-15 11:00:00-05:00,100152.02127403193,152.0212740319975
2023-02-16 10:00:00-05:00,100172.95429003192,172.95429003199766
2023-02-17 15:00:00-05:00,100157.01348180637,157.0134818064427
2023-02-21 13:00:00-05:00,100178.23746153043,178.237461530498
2023-02-22 15:00:00-05:00,100172.12308485857,172.12308485863244
2023-02-23 10:00:00-05:00,100193.31894253104,193.31894253109792
2023-02-24 15:00:00-05:00,100187.39961035908,187.39961035913214
2023-02-27 15:00:00-05:00,100171.16532147606,171.16532147610886
2023-02-28 15:00:00-05:00,100163.73455241707,163.73455241712057
2023-03-02 13:00:00-05:00,100185.00656441707,185.00656441712064
2023-03-03 14:00:00-05:00,100205.95865841706,205.95865841712074
2023-03-06 11:00:00-05:00,100226.89260241707,226.8926024171207
2023-03-07 15:00:00-05:00,100187.02397249505,187.02397249510523
2023-03-08 15:00:00-05:00,100172.98167645666,172.98167645671296
2023-03-09 15:00:00-05:00,100096.16110898936,96.16110898940663
2023-03-10 13:00:00-05:00,100117.44340689377,117.44340689382581
2023-03-13 11:00:00-04:00,100138.59246689377,138.59246689382573
2023-03-14 11:00:00-04:00,100159.64813889377,159.64813889382566
2023-03-15 15:00:00-04:00,100114.24056875579,114.24056875585319
2023-03-16 10:00:00-04:00,100135.1448927558,135.14489275585322
2023-03-17 15:00:00-04:00,100112.13703709292,112.13703709298582
2023-03-20 15:00:00-04:00,100080.98609657622,80.9860965762891
2023-03-21 15:00:00-04:00,100093.84513894095,93.84513894101622
2023-03-22 14:00:00-04:00,100114.82129094095,114.82129094101629
2023-03-23 10:00:00-04:00,100135.80572694095,135.80572694101622
2023-03-24 15:00:00-04:00,100118.63609457262,118.63609457268998
2023-03-27 15:00:00-04:00,100087.46610096014,87.46610096021256
2023-03-28 15:00:00-04:00,100077.87014037625,77.87014037632947
2023-03-29 15:00:00-04:00,100088.87384023788,88.87384023795717
2023-03-30 15:00:00-04:00,100088.8454640863,88.84546408638751
2023-03-31 14:00:00-04:00,100109.8948080863,109.89480808638751
2023-04-03 15:00:00-04:00,100118.49265648462,118.49265648470784
2023-04-04 15:00:00-04:00,100139.60588585875,139.60588585883303
2023-04-05 10:00:00-04:00,100160.6238770765,160.62387707658945
2023-04-06 15:00:00-04:00,100116.51549304451,116.51549304459584
2023-04-10 15:00:00-04:00,100074.68756501251,74.68756501260239
2023-04-11 15:00:00-04:00,100081.68896702371,81.68896702380022
2023-04-12 15:00:00-04:00,100102.91975465018,102.91975465027495
2023-04-13 13:00:00-04:00,100124.14243665019,124.1424366502751
2023-04-14 15:00:00-04:00,100111.50453219908,111.50453219916535
2023-04-17 15:00:00-04:00,100104.62979554641,104.62979554649594
2023-04-18 14:00:00-04:00,100125.5599045846,125.55990458468841
2023-04-19 12:00:00-04:00,100146.9116425846,146.91164258468845
2023-04-20 15:00:00-04:00,100137.26297027027,137.26297027035142
2023-04-21 15:00:00-04:00,100115.19853828386,115.19853828394858
2023-04-24 15:00:00-04:00,100104.81149379196,104.81149379204686
2023-04-25 13:00:00-04:00,100126.1604656536,126.16046565367458
2023-04-26 15:00:00-04:00,100107.5275085882,107.5275085882877
2023-04-27 15:00:00-04:00,100060.50668974117,60.50668974125719
2023-04-28 15:00:00-04:00,100034.54468143404,34.544681434118644
2023-05-01 15:00:00-04:00,100032.05013085016,32.05013085023554
2023-05-02 10:00:00-04:00,100053.1099501263,53.10995012638031
2023-05-03 15:00:00-04:00,100022.47694082576,22.476940825840387
2023-05-04 15:00:00-04:00,100020.2340400823,20.234040082389132
2023-05-05 13:00:00-04:00,100041.4011040823,41.40110408238915
2023-05-08 15:00:00-04:00,100022.10669314848,22.106693148575907
2023-05-09 15:00:00-04:00,100011.21438217268,11.21438217277098
2023-05-10 15:00:00-04:00,100016.94430530565,16.944305305744514
2023-05-11 15:00:00-04:00,100002.61212024826,2.6121202483560957
2023-05-12 12:00:00-04:00,100023.79660773477,23.796607734858895
2023-05-15 15:00:00-04:00,100002.32367460939,2.3236746094840477
2023-05-16 15:00:00-04:00,100000.90550640863,0.905506408724271
2023-05-17 15:00:00-04:00,99963.44026619427,-36.55973380563271
2023-05-18 11:00:00-04:00,99984.59937019428,-15.400629805632704
2023-05-19 15:00:00-04:00,99992.26415987874,-7.735840121169457
2023-05-22 15:00:00-04:00,99986.28547763759,-13.714522362321157
2023-05-23 15:00:00-04:00,99955.51733384674,-44.48266615316294
2023-05-24 15:00:00-04:00,99956.40934067417,-43.59065932572833
2023-05-25 15:00:00-04:00,99934.62022416027,-65.3797758396256
2023-05-26 10:00:00-04:00,99955.50260216027,-44.497397839625506
2023-05-30 15:00:00-04:00,99964.29778282733,-35.70221717255889
2023-05-31 15:00:00-04:00,99947.94548573955,-52.05451426034135
2023-06-01 11:00:00-04:00,99968.91961373955,-31.080386260341342
2023-06-02 15:00:00-04:00,99948.81588471975,-51.18411528013739
2023-06-05 15:00:00-04:00,99946.25713455299,-53.74286544690395
2023-06-06 15:00:00-04:00,99938.03059805148,-61.96940194840363
2023-06-07 15:00:00-04:00,99878.37535039222,-121.62464960767159
2023-06-08 11:00:00-04:00,99899.64857439222,-100.3514256076715
2023-06-09 15:00:00-04:00,99880.2837085006,-119.71629149929309
2023-06-12 15:00:00-04:00,99842.4507830457,-157.54921695420202
2023-06-13 15:00:00-04:00,99827.81002183794,-172.1899781619604
2023-06-14 15:00:00-04:00,99843.4113120299,-156.58868796999877
2023-06-15 11:00:00-04:00,99864.2039520299,-135.79604796999882
2023-06-16 15:00:00-04:00,99880.36904785233,-119.63095214756326
2023-06-20 15:00:00-04:00,99885.02019083974,-114.97980916016067
2023-06-21 11:00:00-04:00,99906.29773033185,-93.70226966805899
2023-06-22 15:00:00-04:00,99927.38993033185,-72.61006966805886
2023-06-23 15:00:00-04:00,99920.00201898412,-79.99798101578929
2023-06-26 15:00:00-04:00,99864.61740634665,-135.38259365326175
2023-06-27 13:00:00-04:00,99885.98082634664,-114.01917365326169
2023-06-28 10:00:00-04:00,99907.06757634664,-92.93242365326165
2023-06-29 15:00:00-04:00,99905.92551553881,-94.07448446109987
2023-06-30 15:00:00-04:00,99908.17253089094,-91.82746910897025
2023-07-03 12:00:00-04:00,99906.335850531,-93.66414946889816
2023-07-05 15:00:00-04:00,99902.81921813269,-97.1807818672187
2023-07-06 15:00:00-04:00,99886.66955778476,-113.3304422151491
2023-07-07 15:00:00-04:00,99869.0034360523,-130.99656394760257
2023-07-10 15:00:00-04:00,99853.60732536444,-146.39267463546483
2023-07-11 15:00:00-04:00,99834.7063150965,-165.29368490341116
2023-07-12 15:00:00-04:00,99832.24958572877,-167.75041427113757
2023-07-13 15:00:00-04:00,99853.71014972877,-146.28985027113765
2023-07-14 15:00:00-04:00,99833.07854448502,-166.92145551488898
2023-07-17 15:00:00-04:00,99854.13839648502,-145.86160351488894
2023-07-18 15:00:00-04:00,99817.21772782196,-182.7822721779562
2023-07-19 15:00:00-04:00,99825.64788098334,-174.3521190165885
2023-07-20 15:00:00-04:00,99775.5064691297,-224.49353087021774
2023-07-21 15:00:00-04:00,99790.52109297614,-209.478907023787
2023-07-24 15:00:00-04:00,99778.85902795794,-221.14097204198322
2023-07-25 15:00:00-04:00,99779.13450642384,-220.86549357607643
2023-07-26 15:00:00-04:00,99775.97595622428,-224.02404377563653
2023-07-27 15:00:00-04:00,99722.47513224468,-277.5248677552405
2023-07-28 15:00:00-04:00,99733.07930404792,-266.920695952001
2023-07-31 15:00:00-04:00,99725.86167167519,-274.1383283247265
2023-08-01 15:00:00-04:00,99718.64747095933,-281.3525290405833
2023-08-02 10:00:00-04:00,99740.04790664019,-259.9520933597195
2023-08-03 15:00:00-04:00,99739.2038910333,-260.79610896659807
2023-08-04 15:00:00-04:00,99759.9825895736,-240.01741042630618
2023-08-07 15:00:00-04:00,99739.90168527127,-260.09831472864573
2023-08-08 15:00:00-04:00,99728.46980423947,-271.53019576043914
2023-08-09 11:00:00-04:00,99749.42467512129,-250.57532487861562
2023-08-10 15:00:00-04:00,99709.02994979436,-290.97005020555014
2023-08-11 15:00:00-04:00,99702.14013864659,-297.8598613533204
2023-08-14 10:00:00-04:00,99723.2704886466,-276.7295113533205
2023-08-15 15:00:00-04:00,99737.87637835865,-262.12362164126284
2023-08-16 15:00:00-04:00,99705.74181618108,-294.25818381882743
2023-08-17 14:00:00-04:00,99726.88422344363,-273.11577655627985
2023-08-18 12:00:00-04:00,99748.34056744364,-251.65943255627974
2023-08-21 15:00:00-04:00,99762.2463431533,-237.7536568466217
2023-08-22 15:00:00-04:00,99770.16967498773,-229.83032501218844
2023-08-23 13:00:00-04:00,99791.16377498773,-208.83622501218844
2023-08-24 10:00:00-04:00,99811.84658137045,-188.15341862946502
2023-08-25 15:00:00-04:00,99816.91214892414,-183.0878510757759
2023-08-28 15:00:00-04:00,99809.02473751642,-190.97526248349433
2023-08-29 10:00:00-04:00,99830.25318751641,-169.7468124834943
2023-08-30 15:00:00-04:00,99835.84724023147,-164.15275976843716
2023-08-31 15:00:00-04:00,99828.55614120407,-171.44385879583163
2023-09-01 15:00:00-04:00,99835.06568638823,-164.93431361166836
2023-09-05 15:00:00-04:00,99820.64831284575,-179.35168715415972
2023-09-06 11:00:00-04:00,99841.47715147802,-158.5228485218861
2023-09-07 15:00:00-04:00,99824.07724113009,-175.9227588698165
2023-09-08 15:00:00-04:00,99816.48718399271,-183.51281600718903
2023-09-11 15:00:00-04:00,99794.72901538323,-205.27098461666714
2023-09-12 15:00:00-04:00,99766.06065665417,-233.93934334572128
2023-09-13 15:00:00-04:00,99766.6276239775,-233.37237602238594
2023-09-14 15:00:00-04:00,99748.70868752159,-251.29131247829474
2023-09-15 13:00:00-04:00,99769.75773457618,-230.2422654237057
2023-09-18 15:00:00-04:00,99770.10937442821,-229.89062557167622
2023-09-19 15:00:00-04:00,99755.21636344041,-244.7836365594786
2023-09-20 14:00:00-04:00,99776.61380315248,-223.38619684742096
2023-09-21 15:00:00-04:00,99790.26660815427,-209.7333918456214
2023-09-22 15:00:00-04:00,99773.40871061618,-226.59128938371373
2023-09-25 15:00:00-04:00,99784.63092162878,-215.36907837111605
2023-09-26 15:00:00-04:00,99796.84220875375,-203.15779124614087
2023-09-27 15:00:00-04:00,99792.25248764356,-207.74751235631885
2023-09-28 11:00:00-04:00,99813.17778364356,-186.8222163563189
2023-09-29 15:00:00-04:00,99780.92670011627,-219.07329988361317
2023-10-02 11:00:00-04:00,99801.85218611626,-198.14781388361314
2023-10-03 15:00:00-04:00,99756.110173412,-243.8898265878722
2023-10-04 15:00:00-04:00,99777.267421412,-222.73257858787215
2023-10-05 10:00:00-04:00,99798.57120500729,-201.42879499259112
2023-10-06 10:00:00-04:00,99819.55754100729,-180.4424589925911
2023-10-09 13:00:00-04:00,99841.0186530073,-158.98134699259109
2023-10-10 11:00:00-04:00,99862.4727610073,-137.5272389925911
2023-10-11 15:00:00-04:00,99871.33120034944,-128.66879965045936
2023-10-12 14:00:00-04:00,99892.56513976156,-107.43486023834174
2023-10-13 15:00:00-04:00,99849.93257717407,-150.06742282582422
2023-10-16 15:00:00-04:00,99862.01278940363,-137.98721059627033
2023-10-17 15:00:00-04:00,99829.64085195912,-170.35914804078135
2023-10-18 15:00:00-04:00,99801.4340100883,-198.5659899116069
2023-10-19 12:00:00-04:00,99822.90104796473,-177.09895203518218
2023-10-20 10:00:00-04:00,99844.2109355712,-155.78906442870343
2023-10-23 11:00:00-04:00,99865.3588375712,-134.6411624287034
2023-10-24 15:00:00-04:00,99869.16351718888,-130.83648281102683
2023-10-25 12:00:00-04:00,99890.3620346094,-109.63796539051096
2023-10-26 12:00:00-04:00,99911.52223999632,-88.47776000358827
2023-10-27 15:00:00-04:00,99898.42155481296,-101.57844518695167
2023-10-30 15:00:00-04:00,99892.0326135892,-107.96738641070684
2023-10-31 15:00:00-04:00,99860.63219501331,-139.36780498659152
2023-11-01 14:00:00-04:00,99882.03845501332,-117.96154498659146
2023-11-02 15:00:00-04:00,99865.719477594,-134.28052240590765
2023-11-03 15:00:00-04:00,99874.43034869018,-125.56965130972682
2023-11-06 15:00:00-05:00,99876.89550023347,-123.1044997664354
2023-11-07 15:00:00-05:00,99890.25743931565,-109.74256068425179
2023-11-08 15:00:00-05:00,99888.36552847782,-111.63447152208401
2023-11-09 15:00:00-05:00,99856.22706669017,-143.77293330972645
2023-11-10 12:00:00-05:00,99877.29746669017,-122.70253330972653
2023-11-13 15:00:00-05:00,99865.39585662218,-134.6041433777129
2023-11-14 15:00:00-05:00,99867.99112415587,-132.0088758440197
2023-11-15 15:00:00-05:00,99872.65386198391,-127.34613801598542
2023-11-16 15:00:00-05:00,99873.40728966477,-126.59271033512138
2023-11-17 15:00:00-05:00,99877.15113136404,-122.84886863586127
2023-11-20 15:00:00-05:00,99898.00955136404,-101.99044863586116
2023-11-21 15:00:00-05:00,99896.74340196192,-103.25659803798072
2023-11-22 15:00:00-05:00,99899.43206115809,-100.56793884181985
2023-11-24 12:00:00-05:00,99899.70305207271,-100.29694792720267
2023-11-27 15:00:00-05:00,99898.87531883776,-101.12468116215567
2023-11-28 15:00:00-05:00,99883.74754132127,-116.25245867865227
2023-11-29 15:00:00-05:00,99853.97020846704,-146.02979153288138
2023-11-30 13:00:00-05:00,99874.77591103852,-125.22408896139571
2023-12-01 15:00:00-05:00,99852.98317488495,-147.01682511496506
2023-12-04 10:00:00-05:00,99874.1730221795,-125.82697782042393
2023-12-05 15:00:00-05:00,99884.35686400754,-115.6431359923896
2023-12-06 15:00:00-05:00,99905.05225837667,-94.94774162326337
2023-12-07 15:00:00-05:00,99880.49943017711,-119.50056982282344
2023-12-08 14:00:00-05:00,99901.3770341771,-98.6229658228233
2023-12-11 15:00:00-05:00,99914.6151346402,-85.3848653597157
2023-12-12 15:00:00-05:00,99933.3334821879,-66.66651781202512
2023-12-13 14:00:00-05:00,99954.8232021879,-45.17679781202505
2023-12-14 15:00:00-05:00,99938.2307611081,-61.76923889180918
2023-12-15 15:00:00-05:00,99937.83708047624,-62.16291952368276
2023-12-18 15:00:00-05:00,99947.6368807002,-52.36311929972757
2023-12-19 15:00:00-05:00,99954.09057346765,-45.90942653228085
2023-12-20 15:00:00-05:00,99910.20342231268,-89.7965776872498
2023-12-21 15:00:00-05:00,99899.00438200074,-100.99561799918739
2023-12-22 15:00:00-05:00,99891.01997428948,-108.98002571044516
2023-12-26 15:00:00-05:00,99896.90172923928,-103.09827076063527
2023-12-27 15:00:00-05:00,99896.31998840945,-103.68001159046925
2023-12-28 15:00:00-05:00,99901.81832369359,-98.18167630632595
2023-12-29 15:00:00-05:00,99887.75026822549,-112.24973177443228
2024-01-02 15:00:00-05:00,99908.69630701773,-91.30369298219065
2024-01-03 15:00:00-05:00,99895.0723861455,-104.92761385441618
2024-01-04 11:00:00-05:00,99915.89371814551,-84.10628185441621
2024-01-05 15:00:00-05:00,99913.4072307526,-86.59276924733757
2024-01-08 14:00:00-05:00,99934.8832167526,-65.11678324733745
2024-01-09 11:00:00-05:00,99955.6068567526,-44.39314324733742
2024-01-10 15:00:00-05:00,99937.21005607273,-62.789943927201534
2024-01-11 10:00:00-05:00,99957.82121823229,-42.17878176763344
2024-01-12 15:00:00-05:00,99959.52814058182,-40.47185941810337
2024-01-16 15:00:00-05:00,99949.72746046184,-50.27253953807943
2024-01-17 15:00:00-05:00,99920.93753888615,-79.06246111376437
2024-01-18 15:00:00-05:00,99933.65830607152,-66.34169392840138
2024-01-19 13:00:00-05:00,99955.21794807151,-44.7820519284013
2024-01-22 15:00:00-05:00,99940.96105148362,-59.0389485162837
2024-01-23 15:00:00-05:00,99931.38408299652,-68.61591700338616
2024-01-24 15:00:00-05:00,99938.139751572,-61.86024842790124
2024-01-25 15:00:00-05:00,99942.34497814068,-57.65502185921494
2024-01-26 15:00:00-05:00,99945.02751394792,-54.9724860519763
2024-01-29 15:00:00-05:00,99965.50363994791,-34.49636005197618
2024-01-30 15:00:00-05:00,99950.50046397271,-49.499536027181186
2024-01-31 15:00:00-05:00,99971.47478678015,-28.52521321974264
2024-02-01 15:00:00-05:00,99948.22674512689,-51.7732548730119
2024-02-02 12:00:00-05:00,99968.80293312689,-31.197066873011842
2024-02-05 10:00:00-05:00,99989.77199590634,-10.228004093567776
2024-02-06 15:00:00-05:00,99988.02725635265,-11.972743647257074
2024-02-07 15:00:00-05:00,99972.16371139724,-27.83628860266587
2024-02-08 15:00:00-05:00,99973.80584922367,-26.19415077623122
2024-02-09 15:00:00-05:00,99988.46300780796,-11.536992191948112
2024-02-12 15:00:00-05:00,99975.59946191234,-24.40053808756889
2024-02-13 15:00:00-05:00,99975.72380448782,-24.276195512083895
2024-02-14 15:00:00-05:00,99988.58805032785,-11.411949672051845
2024-02-15 15:00:00-05:00,99971.86998380756,-28.13001619234783
2024-02-16 15:00:00-05:00,99975.89878501532,-24.101214984589326
2024-02-20 15:00:00-05:00,99967.52904282935,-32.47095717055203
2024-02-21 15:00:00-05:00,99955.79257824867,-44.2074217512359
2024-02-22 14:00:00-05:00,99976.22573024867,-23.774269751235867
2024-02-23 11:00:00-05:00,99997.19258500572,-2.8074149941871624
2024-02-26 15:00:00-05:00,99997.77121516128,-2.22878483861815
2024-02-27 15:00:00-05:00,99993.06846934884,-6.931530651055525
2024-02-28 15:00:00-05:00,99988.92836328405,-11.071636715842557
2024-02-29 15:00:00-05:00,99990.30203395152,-9.697966048376076
2024-03-01 12:00:00-05:00,100011.46417795152,11.464177951623904
2024-03-04 15:00:00-05:00,100016.78882559999,16.788825600094327
2024-03-05 11:00:00-05:00,100037.60918408829,37.60918408839672
2024-03-06 15:00:00-05:00,100037.70419859579,37.70419859589518
2024-03-07 13:00:00-05:00,100059.04423059578,59.044230595895215
2024-03-08 15:00:00-05:00,100004.67325661259,4.673256612691823
2024-03-11 15:00:00-04:00,99992.54216448661,-7.457835513282921
2024-03-12 15:00:00-04:00,99963.67170696212,-36.32829303777796
2024-03-13 15:00:00-04:00,99965.20464170637,-34.795358293526924
2024-03-14 15:00:00-04:00,99958.58234381075,-41.41765618914778
2024-03-15 15:00:00-04:00,99964.64835733804,-35.351642661853155
2024-03-18 15:00:00-04:00,99955.14663532724,-44.853364672651026
2024-03-19 15:00:00-04:00,99924.48591679335,-75.51408320654431
2024-03-20 15:00:00-04:00,99888.73805087213,-111.26194912776009
2024-03-21 15:00:00-04:00,99901.41062887452,-98.58937112536049
2024-03-22 15:00:00-04:00,99894.13124467456,-105.86875532532036
2024-03-25 15:00:00-04:00,99898.05544434022,-101.94455565965345
2024-03-26 15:00:00-04:00,99875.63294114886,-124.36705885101509
2024-03-27 15:00:00-04:00,99866.4382284434,-133.56177155647399
2024-03-28 15:00:00-04:00,99858.68303581473,-141.3169641851481
2024-04-01 15:00:00-04:00,99845.4089429653,-154.59105703457817
2024-04-02 15:00:00-04:00,99832.86558905688,-167.13441094299642
2024-04-03 10:00:00-04:00,99853.52546105688,-146.4745389429964
2024-04-04 14:00:00-04:00,99875.03295680574,-124.96704319414616
2024-04-05 11:00:00-04:00,99895.47308480574,-104.52691519414611
2024-04-08 15:00:00-04:00,99895.40973114686,-104.59026885301424
2024-04-09 10:00:00-04:00,99916.29636175674,-83.70363824313625
2024-04-10 15:00:00-04:00,99917.76649378033,-82.23350621954094
2024-04-11 15:00:00-04:00,99882.8184678911,-117.18153210876295
2024-04-12 15:00:00-04:00,99856.99764146439,-143.00235853547755
2024-04-15 11:00:00-04:00,99877.73428779912,-122.26571220074447
2024-04-16 15:00:00-04:00,99873.78440971514,-126.21559028472751
2024-04-17 11:00:00-04:00,99894.33839973314,-105.66160026673099
2024-04-18 15:00:00-04:00,99904.75673011587,-95.24326988400756
2024-04-19 11:00:00-04:00,99926.07203356718,-73.92796643269781
2024-04-22 11:00:00-04:00,99946.73289981793,-53.26710018194787
2024-04-23 13:00:00-04:00,99968.18484981793,-31.815150181947782
2024-04-24 15:00:00-04:00,99955.3760164526,-44.62398354727465
2024-04-25 12:00:00-04:00,99976.2812224526,-23.71877754727471
2024-04-26 15:00:00-04:00,99983.98468626784,-16.015313732037686
2024-04-29 15:00:00-04:00,99977.14559004788,-22.85440995199363
2024-04-30 15:00:00-04:00,99927.8172359039,-72.18276409596473
2024-05-01 15:00:00-04:00,99935.2138234008,-64.78617659906422
2024-05-02 15:00:00-04:00,99909.35216505727,-90.64783494259554
2024-05-03 15:00:00-04:00,99909.13657561915,-90.86342438070787
2024-05-06 15:00:00-04:00,99923.19105945919,-76.8089405406758
2024-05-07 15:00:00-04:00,99922.45299325843,-77.54700674143558
2024-05-08 15:00:00-04:00,99924.43601500327,-75.56398499658451
2024-05-09 15:00:00-04:00,99914.34825458495,-85.65174541490082
2024-05-10 15:00:00-04:00,99902.28736443978,-97.71263556007186
2024-05-13 15:00:00-04:00,99900.46641050576,-99.533589494085
2024-05-14 15:00:00-04:00,99921.07047450576,-78.92952549408493
2024-05-15 15:00:00-04:00,99887.3908018067,-112.60919819314508
2024-05-16 15:00:00-04:00,99877.71064963513,-122.2893503647108
2024-05-17 15:00:00-04:00,99877.03295739758,-122.96704260226322
2024-05-20 15:00:00-04:00,99879.04800593987,-120.95199405997172
2024-05-21 15:00:00-04:00,99892.61332468611,-107.38667531372081
2024-05-22 15:00:00-04:00,99886.97522339037,-113.02477660946182
2024-05-23 14:00:00-04:00,99908.13258247856,-91.86741752127944
2024-05-24 15:00:00-04:00,99888.99412094886,-111.0058790509737
2024-05-28 15:00:00-04:00,99876.15008010303,-123.84991989680451
2024-05-29 15:00:00-04:00,99872.31125891527,-127.68874108456707
2024-05-30 15:00:00-04:00,99893.0762172836,-106.92378271624071
2024-05-31 10:00:00-04:00,99914.54534496205,-85.45465503777638
2024-06-03 12:00:00-04:00,99935.10756295845,-64.8924370413757
2024-06-04 15:00:00-04:00,99919.72891052294,-80.27108947688858
2024-06-05 12:00:00-04:00,99940.89931052295,-59.10068947688847
2024-06-06 15:00:00-04:00,99934.78314002424,-65.21685997558848
2024-06-07 15:00:00-04:00,99933.42752956474,-66.57247043509672
2024-06-10 15:00:00-04:00,99950.55091157554,-49.449088424298765
2024-06-11 15:00:00-04:00,99918.94919712163,-81.05080287820796
2024-06-12 15:00:00-04:00,99918.44504253335,-81.55495746649022
2024-06-13 15:00:00-04:00,99923.26379076131,-76.73620923853586
2024-06-14 15:00:00-04:00,99929.7694973272,-70.23050267264895
2024-06-17 15:00:00-04:00,99894.66657192429,-105.33342807556838
2024-06-18 15:00:00-04:00,99891.01725178992,-108.98274820994142
2024-06-20 12:00:00-04:00,99911.1268169009,-88.87318309896365
2024-06-21 15:00:00-04:00,99908.01070345638,-91.98929654347467
2024-06-24 15:00:00-04:00,99878.51137480572,-121.48862519414448
2024-06-25 15:00:00-04:00,99899.01572880572,-100.9842711941444
2024-06-26 15:00:00-04:00,99903.69961551718,-96.3003844826867
2024-06-27 15:00:00-04:00,99902.39939451977,-97.60060548008724
2024-06-28 15:00:00-04:00,99869.8997968361,-130.1002031637504
2024-07-01 15:00:00-04:00,99846.3743329185,-153.62566708136686
2024-07-02 13:00:00-04:00,99867.55317891849,-132.44682108136678
2024-07-03 12:00:00-04:00,99886.13677693649,-113.86322306337021
2024-07-05 15:00:00-04:00,99900.62784812546,-99.37215187440799
2024-07-08 15:00:00-04:00,99904.55416757836,-95.44583242149875
2024-07-09 15:00:00-04:00,99893.95676711286,-106.0432328870057
2024-07-10 15:00:00-04:00,99910.52652247458,-89.47347752527799
2024-07-11 10:00:00-04:00,99930.71562971313,-69.2843702867256
2024-07-12 13:00:00-04:00,99951.69628571313,-48.30371428672565
2024-07-15 11:00:00-04:00,99972.94115771312,-27.05884228672566
2024-07-16 15:00:00-04:00,99969.79138863334,-30.20861136650965
2024-07-17 11:00:00-04:00,99991.40671052496,-8.593289474887822
2024-07-18 10:00:00-04:00,100012.52891551195,12.528915512114821
2024-07-19 15:00:00-04:00,99986.67452644017,-13.325473559670773
2024-07-22 15:00:00-04:00,99990.57981699565,-9.420183004181744
2024-07-23 15:00:00-04:00,99978.10604313003,-21.893956869808633
2024-07-24 11:00:00-04:00,99998.97604967272,-1.0239503271171202
2024-07-25 10:00:00-04:00,100019.63309784309,19.633097843248784
2024-07-26 15:00:00-04:00,100012.34364664933,12.343646649487438
2024-07-29 15:00:00-04:00,99990.1328792884,-9.867120711440153
2024-07-30 11:00:00-04:00,100011.44392865853,11.443928658685797
2024-07-31 14:00:00-04:00,100031.81031665852,31.810316658685814
2024-08-01 15:00:00-04:00,99940.01744811622,-59.98255188360567
2024-08-02 10:00:00-04:00,99960.3913417855,-39.60865821433953
2024-08-05 10:00:00-04:00,99981.87228578549,-18.127714214339473
2024-08-06 10:00:00-04:00,100003.1565657855,3.1565657856606
2024-08-07 15:00:00-04:00,99918.11801194746,-81.88198805237171
2024-08-08 15:00:00-04:00,99867.4900277411,-132.5099722587304
2024-08-09 15:00:00-04:00,99838.70505467012,-161.29494532971623
2024-08-12 15:00:00-04:00,99821.1354582858,-178.86454171403932
2024-08-13 12:00:00-04:00,99842.4789782858,-157.52102171403922
2024-08-14 15:00:00-04:00,99830.09930601226,-169.90069398758442
2024-08-15 15:00:00-04:00,99847.35941235338,-152.6405876464524
2024-08-16 15:00:00-04:00,99831.57806217943,-168.42193782041767
2024-08-19 15:00:00-04:00,99791.28654853176,-208.71345146808812
2024-08-20 15:00:00-04:00,99775.9652533612,-224.03474663865407
2024-08-21 15:00:00-04:00,99778.97237271573,-221.02762728412492
2024-08-22 11:00:00-04:00,99799.43142048617,-200.56857951367888
2024-08-23 12:00:00-04:00,99820.69208374553,-179.30791625433085
2024-08-26 10:00:00-04:00,99841.8611868369,-158.13881316294925
2024-08-27 11:00:00-04:00,99862.4503708369,-137.5496291629491
2024-08-28 11:00:00-04:00,99883.08842495408,-116.91157504577255
2024-08-29 15:00:00-04:00,99846.02959410266,-153.97040589720223
2024-08-30 15:00:00-04:00,99848.30569654457,-151.69430345529042
2024-09-03 10:00:00-04:00,99869.78024621464,-130.21975378522447
2024-09-04 11:00:00-04:00,99891.23538221464,-108.76461778522446
2024-09-05 15:00:00-04:00,99879.4611094132,-120.5388905866642
2024-09-06 10:00:00-04:00,99900.16287568395,-99.83712431591832
2024-09-09 15:00:00-04:00,99900.10464151319,-99.89535848668424
2024-09-10 15:00:00-04:00,99913.95895236621,-86.04104763365481
2024-09-11 10:00:00-04:00,99934.76884683532,-65.23115316454863
2024-09-12 15:00:00-04:00,99905.12540559356,-94.87459440630025
2024-09-13 15:00:00-04:00,99913.70999131321,-86.29000868664407
2024-09-16 15:00:00-04:00,99911.96163112124,-88.03836887860564
2024-09-17 12:00:00-04:00,99932.3829928409,-67.61700715894948
2024-09-18 15:00:00-04:00,99948.25222624141,-51.74777375842962
2024-09-19 15:00:00-04:00,99937.49883737198,-62.50116262785575
2024-09-20 15:00:00-04:00,99932.76715645217,-67.23284354767168
2024-09-23 15:00:00-04:00,99930.69180795227,-69.30819204757175
2024-09-24 15:00:00-04:00,99918.53293160355,-81.46706839630218
2024-09-25 15:00:00-04:00,99912.5692448593,-87.43075514055333
2024-09-26 10:00:00-04:00,99933.44205738879,-66.55794261105922
2024-09-27 14:00:00-04:00,99954.011631362,-45.98836863785381
2024-09-30 15:00:00-04:00,99962.99672303886,-37.00327696098906
2024-10-01 10:00:00-04:00,99984.24212627021,-15.757873729635243
2024-10-02 15:00:00-04:00,99970.13467274011,-29.86532725972932
2024-10-03 15:00:00-04:00,99964.42436366352,-35.57563633631401
2024-10-04 15:00:00-04:00,99943.16534714683,-56.83465285301056
2024-10-07 14:00:00-04:00,99964.6243907701,-35.375609229735325
2024-10-08 15:00:00-04:00,99986.2115787701,-13.78842122973537
2024-10-09 15:00:00-04:00,99958.92014437418,-41.07985562565608
2024-10-11 15:00:00-04:00,99970.88621501286,-29.113784986983923
2024-10-14 15:00:00-04:00,99963.07871461334,-36.92128538650395
2024-10-15 10:00:00-04:00,99984.57784229181,-15.422157708039567
2024-10-16 15:00:00-04:00,99967.04095763594,-32.95904236390842
2024-10-17 15:00:00-04:00,99975.49788611864,-24.50211388120495
2024-10-18 15:00:00-04:00,99976.01979694447,-23.98020305537006
2024-10-21 15:00:00-04:00,99979.53027797307,-20.46972202677592
2024-10-22 15:00:00-04:00,99990.06101911604,-9.938980883804332
2024-10-23 12:00:00-04:00,100010.94516766633,10.945167666485544
2024-10-24 15:00:00-04:00,100004.45420163954,4.454201639690916
2024-10-25 15:00:00-04:00,99982.61127650178,-17.388723498081458
2024-10-28 15:00:00-04:00,99989.89074370713,-10.109256292722534
2024-10-29 13:00:00-04:00,100011.00724170714,11.007241707277569
2024-10-30 15:00:00-04:00,100024.65356335441,24.653563354548247
2024-10-31 14:00:00-04:00,100046.22858319044,46.22858319058097
2024-11-01 15:00:00-04:00,100042.61096688651,42.61096688664178
2024-11-04 15:00:00-05:00,100035.21617822425,35.21617822437427
2024-11-05 15:00:00-05:00,100041.72828015067,41.72828015078916
2024-11-06 15:00:00-05:00,100011.03433193831,11.034331938431787
2024-11-07 15:00:00-05:00,100025.64101156879,25.641011568905782
2024-11-08 15:00:00-05:00,100028.48452328084,28.484523280963433
2024-11-11 15:00:00-05:00,100020.88945064257,20.88945064269118
2024-11-12 15:00:00-05:00,100012.69368206189,12.693682062007424
2024-11-13 15:00:00-05:00,100010.38144124605,10.38144124617087
2024-11-14 15:00:00-05:00,100021.63464815667,21.634648156788778
2024-11-15 11:00:00-05:00,100043.18762193392,43.18762193403333
2024-11-18 15:00:00-05:00,100027.71659473376,27.716594733873272
2024-11-19 12:00:00-05:00,100048.82742473377,48.82742473387327
2024-11-20 15:00:00-05:00,100028.28018405351,28.28018405360923
2024-11-21 10:00:00-05:00,100049.76514170598,49.76514170607863
2024-11-22 15:00:00-05:00,100047.94931525848,47.949315258568234
2024-11-25 12:00:00-05:00,100068.59254534845,68.5925453485503
2024-11-26 15:00:00-05:00,100070.48987965919,70.48987965928826
2024-11-27 11:00:00-05:00,100090.88982130286,90.88982130295956
2024-11-29 12:00:00-05:00,100099.988451628,99.98845162809461
2024-12-02 15:00:00-05:00,100108.71438721528,108.7143872153771
2024-12-03 15:00:00-05:00,100118.5170831481,118.5170831481906
2024-12-04 15:00:00-05:00,100102.52067847463,102.52067847472517
2024-12-05 15:00:00-05:00,100106.43346028066,106.43346028076394
2024-12-06 15:00:00-05:00,100112.53871888295,112.53871888304336
2024-12-09 15:00:00-05:00,100093.3480245746,93.34802457470518
2024-12-10 15:00:00-05:00,100074.38155384835,74.3815538484506
2024-12-11 15:00:00-05:00,100086.86122513689,86.861225136993
2024-12-12 15:00:00-05:00,100091.53509784915,91.53509784925058
2024-12-13 15:00:00-05:00,100080.13937919927,80.13937919938078
2024-12-16 14:00:00-05:00,100100.00599919927,100.0059991993808
2024-12-17 15:00:00-05:00,100098.63797597992,98.63797598002466
2024-12-18 15:00:00-05:00,100001.59032880935,1.5903288094588106
2024-12-19 15:00:00-05:00,100023.22240871338,23.222408713477936
2024-12-20 10:00:00-05:00,100043.84728871338,43.84728871347796
2024-12-23 15:00:00-05:00,100058.9862741235,58.986274123596026
2024-12-24 12:00:00-05:00,100076.31060904251,76.31060904261227
2024-12-26 15:00:00-05:00,100069.10382158321,69.10382158330411
2024-12-27 10:00:00-05:00,100089.29772483055,89.2977248306547
2024-12-30 15:00:00-05:00,100071.8712911317,71.87129113179451
2024-12-31 12:00:00-05:00,100093.08219426307,93.08219426316826
2025-01-02 15:00:00-05:00,100063.53914398352,63.53914398362416
2025-01-03 14:00:00-05:00,100084.60351198353,84.60351198362422
2025-01-06 15:00:00-05:00,100075.97704146404,75.97704146412812
2025-01-07 10:00:00-05:00,100096.19252675098,96.19252675107073
2025-01-08 12:00:00-05:00,100117.11305334966,117.11305334975096
2025-01-10 10:00:00-05:00,100137.20953843664,137.20953843673354
2025-01-13 15:00:00-05:00,100158.17866843664,158.17866843673363
2025-01-14 11:00:00-05:00,100179.7061361671,179.70613616718742
2025-01-15 15:00:00-05:00,100188.43975098652,188.43975098662355
2025-01-16 15:00:00-05:00,100205.33600570518,205.33600570527994
2025-01-17 15:00:00-05:00,100192.6993011293,192.69930112939517
2025-01-21 15:00:00-05:00,100181.21964987075,181.21964987084698
2025-01-22 15:00:00-05:00,100178.85295049942,178.85295049952123
2025-01-23 15:00:00-05:00,100197.38796737445,197.38796737454635
2025-01-24 15:00:00-05:00,100176.54227953243,176.5422795325146
2025-01-27 15:00:00-05:00,100164.76047748324,164.76047748332462
2025-01-28 15:00:00-05:00,100125.13161958283,125.1316195829047
2025-01-29 15:00:00-05:00,100123.05784292535,123.05784292543643
2025-01-30 15:00:00-05:00,100116.42065551723,116.42065551731824
2025-01-31 15:00:00-05:00,100079.96957390234,79.96957390244111
2025-02-04 15:00:00-05:00,100094.3308780655,94.33087806560846
2025-02-05 12:00:00-05:00,100115.7928780655,115.7928780656085
2025-02-06 15:00:00-05:00,100125.53642991114,125.53642991123948
2025-02-07 15:00:00-05:00,100083.80424830066,83.80424830076173
2025-02-10 15:00:00-05:00,100090.02872398352,90.02872398362521
2025-02-11 15:00:00-05:00,100090.97491538923,90.97491538934393
2025-02-12 14:00:00-05:00,100110.94097138924,110.94097138934396
2025-02-13 15:00:00-05:00,100131.59285538924,131.59285538934398
2025-02-14 15:00:00-05:00,100139.44935890214,139.44935890224147
2025-02-18 15:00:00-05:00,100133.99267246784,133.99267246792832
2025-02-19 15:00:00-05:00,100122.92666785316,122.92666785325144
2025-02-20 15:00:00-05:00,100104.27759239385,104.27759239394321
2025-02-21 12:00:00-05:00,100125.44028941845,125.44028941853828
2025-02-24 15:00:00-05:00,100146.86308893854,146.86308893863438
2025-02-25 10:00:00-05:00,100167.36505476937,167.36505476946817
2025-02-26 15:00:00-05:00,100152.46747623547,152.46747623557494
2025-02-27 14:00:00-05:00,100173.88441776317,173.88441776326937
2025-02-28 10:00:00-05:00,100195.56011376317,195.56011376326927
2025-03-03 13:00:00-05:00,100216.42442427707,216.42442427716665
2025-03-04 10:00:00-05:00,100236.9159821255,236.9159821255971
2025-03-05 15:00:00-05:00,100187.24253648343,187.2425364835256
2025-03-06 12:00:00-05:00,100207.8836426062,207.88364260630112
2025-03-07 15:00:00-05:00,100220.2316230621,220.23162306220985
2025-03-10 10:00:00-04:00,100240.70882090254,240.70882090264175
2025-03-11 14:00:00-04:00,100261.59192490253,261.59192490264184
2025-03-12 10:00:00-04:00,100282.86572422266,282.8657242227778
2025-03-13 13:00:00-04:00,100304.52781027344,304.5278102735677
2025-03-14 11:00:00-04:00,100325.45974627344,325.4597462735677
2025-03-17 14:00:00-04:00,100347.15555427344,347.1555542735678
2025-03-18 15:00:00-04:00,100342.29303243541,342.29303243553557
2025-03-19 14:00:00-04:00,100363.3993684354,363.39936843553556
2025-03-20 10:00:00-04:00,100384.87543243541,384.8754324355356
2025-03-21 12:00:00-04:00,100405.67482443541,405.67482443553564
2025-03-24 15:00:00-04:00,100412.77961410547,412.77961410560147
2025-03-25 15:00:00-04:00,100422.8779844774,422.87798447752704
2025-03-26 12:00:00-04:00,100444.12363372755,444.1236337276771
2025-03-27 15:00:00-04:00,100432.34762110007,432.3476211002027
2025-03-28 10:00:00-04:00,100453.47492415145,453.47492415159235
2025-03-31 15:00:00-04:00,100394.57406706687,394.57406706700937
2025-04-01 11:00:00-04:00,100415.46155906687,415.4615590670093
2025-04-02 11:00:00-04:00,100436.77894706686,436.7789470670093
2025-04-03 15:00:00-04:00,100385.64670727562,385.6467072757676
2025-04-04 15:00:00-04:00,100274.60957777592,274.6095777760675
2025-04-07 10:00:00-04:00,100295.73992777593,295.7399277760674
2025-04-08 15:00:00-04:00,100145.23296047059,145.2329604707285
2025-04-09 10:00:00-04:00,100166.11454447059,166.11454447072865
2025-04-10 11:00:00-04:00,100187.70959847179,187.7095984719284
2025-04-11 12:00:00-04:00,100208.91548247178,208.91548247192856
2025-04-14 11:00:00-04:00,100229.62191080612,229.62191080626175
2025-04-15 15:00:00-04:00,100212.90039063136,212.90039063149666
2025-04-16 13:00:00-04:00,100233.92319358277,233.92319358290652
2025-04-17 10:00:00-04:00,100254.70794009746,254.70794009760363
2025-04-21 11:00:00-04:00,100275.73733909766,275.73733909780367
2025-04-22 12:00:00-04:00,100296.69647509766,296.69647509780367
2025-04-23 15:00:00-04:00,100255.90391354598,255.90391354611398
2025-04-24 11:00:00-04:00,100277.54751354597,277.5475135461141
2025-04-25 15:00:00-04:00,100235.53642482251,235.53642482265892
2025-04-28 11:00:00-04:00,100256.28315521243,256.28315521258105
2025-04-29 13:00:00-04:00,100277.15149121243,277.1514912125811
2025-04-30 15:00:00-04:00,100193.91150355435,193.9115035545127
2025-05-01 15:00:00-04:00,100192.16560811624,192.16560811640036
2025-05-02 15:00:00-04:00,100174.93471986789,174.93471986805002
2025-05-05 15:00:00-04:00,100175.89801356515,175.89801356531063
2025-05-06 15:00:00-04:00,100158.00561945398,158.00561945413284
2025-05-07 15:00:00-04:00,100159.82574648497,159.8257464851266
2025-05-08 15:00:00-04:00,100150.7554703386,150.75547033875594
2025-05-09 15:00:00-04:00,100133.41454809105,133.41454809120557
2025-05-12 15:00:00-04:00,100111.72215690328,111.7221569034431
2025-05-13 11:00:00-04:00,100132.27166490328,132.27166490344314
2025-05-14 15:00:00-04:00,100140.4193683026,140.41936830276347
2025-05-15 15:00:00-04:00,100123.50732317563,123.50732317578907
2025-05-16 15:00:00-04:00,100114.2888668437,114.2888668438556
2025-05-19 13:00:00-04:00,100135.5128668437,135.51286684385553
2025-05-20 15:00:00-04:00,100128.39735025981,128.3973502599723
2025-05-21 11:00:00-04:00,100149.67628625981,149.67628625997224
2025-05-22 15:00:00-04:00,100135.43121248897,135.43121248912627
2025-05-23 13:00:00-04:00,100156.68336248897,156.68336248912632
2025-05-27 12:00:00-04:00,100177.69677448897,177.69677448912637
2025-05-28 15:00:00-04:00,100190.60212621863,190.60212621878037
2025-05-29 11:00:00-04:00,100212.27481023382,212.2748102339774
2025-05-30 12:00:00-04:00,100233.16618081571,233.16618081586103
2025-06-02 13:00:00-04:00,100254.22232081571,254.22232081586122
2025-06-03 13:00:00-04:00,100274.55946881571,274.5594688158613
2025-06-04 15:00:00-04:00,100274.82553922043,274.82553922058037
2025-06-05 15:00:00-04:00,100295.53681345358,295.53681345373377
2025-06-06 15:00:00-04:00,100288.38973802466,288.3897380248195
2025-06-09 15:00:00-04:00,100283.58307860095,283.5830786011044
2025-06-10 15:00:00-04:00,100297.10062212344,297.1006221235998
2025-06-11 14:00:00-04:00,100318.56857574472,318.5685757448757
2025-06-12 15:00:00-04:00,100328.31702910084,328.31702910100455
2025-06-13 15:00:00-04:00,100317.66663493367,317.666634933838
2025-06-16 15:00:00-04:00,100319.8731643314,319.8731643315586
2025-06-17 15:00:00-04:00,100300.24712854894,300.24712854911513
2025-06-18 15:00:00-04:00,100292.19366674051,292.1936667406767
2025-06-20 10:00:00-04:00,100313.0919853168,313.09198531696137
2025-06-23 15:00:00-04:00,100333.7323713168,333.73237131696123
2025-06-24 15:00:00-04:00,100348.14922992588,348.14922992603965
2025-06-25 15:00:00-04:00,100339.73097958876,339.7309795889072
2025-06-26 15:00:00-04:00,100323.50713765474,323.507137654894
2025-06-27 15:00:00-04:00,100320.71571274773,320.71571274787533
2025-06-30 15:00:00-04:00,100312.27912824383,312.2791282439761
2025-07-01 15:00:00-04:00,100295.44782304407,295.4478230442162
2025-07-02 15:00:00-04:00,100312.69541463615,312.69541463629776
2025-07-03 12:00:00-04:00,100319.03360794949,319.03360794963504
2025-07-07 15:00:00-04:00,100310.85716843579,310.85716843593775
2025-07-08 15:00:00-04:00,100309.37895223423,309.3789522343781
2025-07-09 15:00:00-04:00,100305.04523152557,305.0452315257198
2025-07-10 15:00:00-04:00,100298.1853163858,298.18531638594783
2025-07-11 15:00:00-04:00,100296.38672121524,296.3867212153819
2025-07-14 15:00:00-04:00,100280.26384918645,280.26384918658766
2025-07-15 15:00:00-04:00,100290.1185669177,290.11856691784135
2025-07-16 15:00:00-04:00,100276.65675983512,276.6567598352579
2025-07-17 15:00:00-04:00,100289.14624214267,289.1462421427964
2025-07-18 15:00:00-04:00,100292.943678481,292.94367848112864
2025-07-21 15:00:00-04:00,100289.03526325044,289.03526325057487
2025-07-22 15:00:00-04:00,100278.75573500368,278.75573500382427
2025-07-23 15:00:00-04:00,100259.1230168889,259.1230168890472
2025-07-24 15:00:00-04:00,100257.74422774633,257.7442277464758
2025-07-25 15:00:00-04:00,100260.5435908721,260.54359087225066
2025-07-28 15:00:00-04:00,100256.4078283718,256.40782837195076
2025-07-29 15:00:00-04:00,100272.9512743642,272.95127436435234
2025-07-30 15:00:00-04:00,100272.33669981551,272.33669981566214
2025-07-31 11:00:00-04:00,100292.25567654017,292.25567654031715
2025-08-01 15:00:00-04:00,100291.49784431461,291.4978443147621
2025-08-04 15:00:00-04:00,100297.60429079812,297.6042907982655
2025-08-05 15:00:00-04:00,100266.64150646339,266.6415064635325
2025-08-06 12:00:00-04:00,100287.2478284634,287.24782846353264
2025-08-07 15:00:00-04:00,100269.48540435622,269.48540435635414
2025-08-08 15:00:00-04:00,100277.11838121685,277.118381216982
2025-08-11 15:00:00-04:00,100264.25069773354,264.2506977336788
2025-08-12 15:00:00-04:00,100231.57829432623,231.57829432636026
2025-08-13 15:00:00-04:00,100239.79715261057,239.7971526107035
2025-08-14 15:00:00-04:00,100237.618450443,237.61845044313705
2025-08-15 15:00:00-04:00,100237.64546774754,237.64546774767604
2025-08-18 15:00:00-04:00,100231.47408476814,231.47408476827195
2025-08-19 12:00:00-04:00,100251.3821614728,251.382161472931
2025-08-20 15:00:00-04:00,100231.86021328323,231.860213283369
2025-08-21 15:00:00-04:00,100227.63048717726,227.63048717739008
2025-08-22 10:00:00-04:00,100248.39267917725,248.39267917739016
2025-08-25 15:00:00-04:00,100244.58795058017,244.58795058030955
2025-08-26 15:00:00-04:00,100255.4114404538,255.41144045393492
2025-08-27 15:00:00-04:00,100244.23303807668,244.23303807681015
2025-08-28 15:00:00-04:00,100224.46913607788,224.46913607801002
2025-08-29 15:00:00-04:00,100230.56502361718,230.56502361730222
2025-09-02 15:00:00-04:00,100235.57287793791,235.57287793803812
2025-09-03 15:00:00-04:00,100227.04265879534,227.0426587954667
2025-09-04 15:00:00-04:00,100202.77480610149,202.7748061016054
2025-09-05 10:00:00-04:00,100223.09926357,223.09926357011187
2025-09-08 15:00:00-04:00,100217.62582081054,217.62582081066384
2025-09-09 15:00:00-04:00,100210.95153811108,210.95153811120375
2025-09-10 15:00:00-04:00,100216.77423596352,216.77423596363337
2025-09-11 15:00:00-04:00,100212.1927740239,212.19277402402145
2025-09-12 15:00:00-04:00,100219.10721272416,219.10721272428142
2025-09-15 15:00:00-04:00,100224.81157240823,224.81157240834463
2025-09-16 15:00:00-04:00,100225.5156120243,225.51561202442164
2025-09-17 14:00:00-04:00,100246.84941134445,246.84941134455767
2025-09-18 15:00:00-04:00,100246.57591969358,246.57591969368784
2025-09-19 15:00:00-04:00,100253.67670476258,253.67670476267398
2025-09-22 15:00:00-04:00,100267.34246846504,267.3424684651335
2025-09-23 15:00:00-04:00,100279.66062590115,279.66062590124636
2025-09-24 12:00:00-04:00,100299.65958075417,299.6595807542758
2025-09-25 12:00:00-04:00,100277.46375989834,277.463759898447
