time,equity,equity_pct,peak,drawdown,peak_pct,drawdown_pct
2023-09-27 15:00:00-04:00,-0.14000000000000057,-0.40149125322627066,-0.14000000000000057,0.0,-0.40149125322627066,0.0
2023-09-28 11:00:00-04:00,0.6242799999999988,1.7985087467737273,0.6242799999999988,0.0,1.7985087467737273,0.0
2023-09-29 15:00:00-04:00,-0.5457199999999958,-1.380839079313215,0.6242799999999988,-1.1699999999999946,1.7985087467737273,-3.1793478260869423
2023-10-02 11:00:00-04:00,0.24628000000000583,0.8191609206867891,0.6242799999999988,-0.377999999999993,1.7985087467737273,-0.9793478260869382
2023-10-03 15:00:00-04:00,-1.4337199999999939,-3.8191604487223767,0.6242799999999988,-2.0579999999999927,1.7985087467737273,-5.617669195496104
2023-10-04 15:00:00-04:00,-0.6610799999999912,-1.619160448722369,0.6242799999999988,-1.28535999999999,1.7985087467737273,-3.4176691954960963
2023-10-05 10:00:00-04:00,0.11684000000001049,0.5808395512776361,0.6242799999999988,-0.5074399999999883,1.7985087467737273,-1.2176691954960912
2023-10-06 10:00:00-04:00,0.8831000000000131,2.7808395512776434,0.8831000000000131,0.0,2.7808395512776434,0.0
2023-10-09 13:00:00-04:00,1.6953400000000158,4.980839551277651,1.6953400000000158,0.0,4.980839551277651,0.0
2023-10-10 11:00:00-04:00,2.538160000000019,7.180839551277659,2.538160000000019,0.0,7.180839551277659,0.0
2023-10-11 15:00:00-04:00,2.9081600000000236,8.130287844836818,2.9081600000000236,0.0,8.130287844836818,0.0
2023-10-12 14:00:00-04:00,3.775400000000026,10.330287844836825,3.775400000000026,0.0,10.330287844836825,0.0
2023-10-13 15:00:00-04:00,2.0854000000000212,6.0080372054506235,3.775400000000026,-1.6900000000000048,10.330287844836825,-4.322250639386201
2023-10-16 15:00:00-04:00,2.5854000000000212,7.317280462847847,3.775400000000026,-1.1900000000000048,10.330287844836825,-3.0130073819889773
2023-10-17 15:00:00-04:00,1.3654000000000224,4.0270970755770845,3.775400000000026,-2.4100000000000037,10.330287844836825,-6.30319076925974
2023-10-18 15:00:00-04:00,0.3054000000000272,1.21766161308041,3.775400000000026,-3.469999999999999,10.330287844836825,-9.112626231756416
2023-10-19 12:00:00-04:00,1.1180800000000275,3.417661613080411,3.775400000000026,-2.6573199999999986,10.330287844836825,-6.9126262317564136
2023-10-20 10:00:00-04:00,1.8957800000000304,5.617661613080419,3.775400000000026,-1.8796199999999956,10.330287844836825,-4.712626231756405
2023-10-23 11:00:00-04:00,2.641800000000032,7.817661613080423,3.775400000000026,-1.1335999999999942,10.330287844836825,-2.5126262317564017
2023-10-24 15:00:00-04:00,2.7818000000000325,8.215050202350932,3.775400000000026,-0.9935999999999936,10.330287844836825,-2.1152376424858925
2023-10-25 12:00:00-04:00,3.52980000000003,10.415050202350926,3.775400000000026,-0.24559999999999604,10.415050202350926,0.0
2023-10-26 11:00:00-04:00,4.22874000000003,12.615050202350927,4.22874000000003,0.0,12.615050202350927,0.0
2023-10-27 15:00:00-04:00,3.8287400000000282,11.353618477343037,4.22874000000003,-0.40000000000000213,12.615050202350927,-1.2614317250078901
2023-10-30 15:00:00-04:00,3.6287400000000325,10.738423152827517,4.22874000000003,-0.5999999999999979,12.615050202350927,-1.8766270495234103
2023-10-31 15:00:00-04:00,2.6287400000000325,7.592779868775928,4.22874000000003,-1.5999999999999979,12.615050202350927,-5.022270333574999
2023-11-01 14:00:00-04:00,3.3591400000000355,9.792779868775938,4.22874000000003,-0.8695999999999948,12.615050202350927,-2.8222703335749895
2023-11-02 15:00:00-04:00,2.769140000000032,8.14150642908939,4.22874000000003,-1.4595999999999982,12.615050202350927,-4.473543773261538
2023-11-03 15:00:00-04:00,3.1391400000000367,9.135328615498212,4.22874000000003,-1.0895999999999937,12.615050202350927,-3.4797215868527154
2023-11-06 15:00:00-05:00,3.2691400000000392,9.478336531065501,4.22874000000003,-0.9595999999999911,12.615050202350927,-3.1367136712854258
2023-11-07 15:00:00-05:00,3.8391400000000395,10.95770325829104,4.22874000000003,-0.38959999999999084,12.615050202350927,-1.6573469440598867
2023-11-08 15:00:00-05:00,3.7891400000000424,10.830217281748467,4.22874000000003,-0.439599999999988,12.615050202350927,-1.7848329206024598
2023-11-09 15:00:00-05:00,2.5291400000000444,7.638727920046344,4.22874000000003,-1.699599999999986,12.615050202350927,-4.976322282304583
2023-11-10 12:00:00-05:00,3.389780000000048,9.838727920046352,4.22874000000003,-0.8389599999999824,12.615050202350927,-2.776322282304575
2023-11-13 15:00:00-05:00,2.919780000000049,8.661962772324774,4.22874000000003,-1.3089599999999812,12.615050202350927,-3.9530874300261534
2023-11-14 15:00:00-05:00,3.0497800000000446,8.965346669640983,4.22874000000003,-1.1789599999999858,12.615050202350927,-3.6497035327099443
2023-11-15 15:00:00-05:00,3.2797800000000414,9.496524498740284,4.22874000000003,-0.9489599999999889,12.615050202350927,-3.1185257036106435
2023-11-16 15:00:00-05:00,3.3397800000000437,9.635800264757002,4.22874000000003,-0.8889599999999866,12.615050202350927,-2.9792499375939254
2023-11-17 15:00:00-05:00,3.5397800000000395,10.101349612987905,4.22874000000003,-0.6889599999999909,12.615050202350927,-2.5137005893630224
2023-11-20 15:00:00-05:00,4.506900000000041,12.301349612987908,4.506900000000041,0.0,12.615050202350927,-0.3137005893630196
2023-11-21 15:00:00-05:00,4.486900000000038,12.255760372048762,4.506900000000041,-0.020000000000003126,12.615050202350927,-0.3592898303021652
2023-11-22 15:00:00-05:00,4.646900000000034,12.614907397862448,4.646900000000034,0.0,12.615050202350927,-0.0001428044884796975
2023-11-24 12:00:00-05:00,4.686900000000033,12.705343753277322,4.686900000000033,0.0,12.705343753277322,0.0
2023-11-27 15:00:00-05:00,4.66690000000003,12.659961407010012,4.686900000000033,-0.020000000000003126,12.705343753277322,-0.04538234626730997
2023-11-28 15:00:00-05:00,4.006900000000034,11.151045083278882,4.686900000000033,-0.6799999999999997,12.705343753277322,-1.55429866999844
2023-11-29 15:00:00-05:00,2.606900000000028,8.08288816896811,4.686900000000033,-2.0800000000000054,12.705343753277322,-4.622455584309213
2023-11-30 13:00:00-05:00,3.5713800000000298,10.282888168968114,4.686900000000033,-1.1155200000000036,12.705343753277322,-2.4224555843092084
2023-12-01 15:00:00-05:00,2.64138000000003,8.136073764535983,4.686900000000033,-2.0455200000000033,12.705343753277322,-4.56926998874134
2023-12-04 10:00:00-05:00,3.581220000000034,10.336073764535993,4.686900000000033,-1.1056799999999996,12.705343753277322,-2.3692699887413298
2023-12-05 15:00:00-05:00,4.03122000000003,11.38624879370751,4.686900000000033,-0.6556800000000038,12.705343753277322,-1.3190949595698118
2023-12-06 15:00:00-05:00,4.990640000000031,13.586248793707513,4.990640000000031,0.0,13.586248793707513,0.0
2023-12-07 15:00:00-05:00,3.950640000000032,11.182735967268874,4.990640000000031,-1.0399999999999991,13.586248793707513,-2.4035128264386394
2023-12-08 10:00:00-05:00,4.9184200000000295,13.382735967268868,4.990640000000031,-0.0722200000000015,13.586248793707513,-0.20351282643864543
2023-12-11 15:00:00-05:00,5.538420000000034,14.749277734956777,5.538420000000034,0.0,14.749277734956777,0.0
2023-12-12 15:00:00-05:00,6.458420000000036,16.741913645721347,6.458420000000036,0.0,16.741913645721347,0.0
2023-12-13 14:00:00-05:00,7.501440000000034,18.941913645721343,7.501440000000034,0.0,18.941913645721343,0.0
2023-12-14 15:00:00-05:00,6.681440000000034,17.284678399157073,7.501440000000034,-0.8200000000000003,18.941913645721343,-1.6572352465642695
2023-12-15 15:00:00-05:00,6.681440000000034,17.284678399157073,7.501440000000034,-0.8200000000000003,18.941913645721343,-1.6572352465642695
2023-12-18 15:00:00-05:00,7.20144000000003,18.329484507254314,7.501440000000034,-0.30000000000000426,18.941913645721343,-0.6124291384670286
2023-12-19 15:00:00-05:00,7.561440000000037,19.040104325651484,7.561440000000037,0.0,19.040104325651484,0.0
2023-12-20 15:00:00-05:00,5.27144000000003,14.529566606526004,7.561440000000037,-2.2900000000000063,19.040104325651484,-4.51053771912548
2023-12-21 15:00:00-05:00,4.741440000000029,13.461448912047969,7.561440000000037,-2.8200000000000074,19.040104325651484,-5.578655413603515
2023-12-22 15:00:00-05:00,4.3314400000000255,12.654044422091285,7.561440000000037,-3.230000000000011,19.040104325651484,-6.386059903560199
2023-12-26 15:00:00-05:00,4.661440000000024,13.30199258623815,7.561440000000037,-2.900000000000013,19.040104325651484,-5.738111739413334
2023-12-27 15:00:00-05:00,4.661440000000024,13.30199258623815,7.561440000000037,-2.900000000000013,19.040104325651484,-5.738111739413334
2023-12-28 15:00:00-05:00,4.981440000000024,13.920948098810683,7.561440000000037,-2.5800000000000125,19.040104325651484,-5.119156226840801
2023-12-29 15:00:00-05:00,4.261440000000025,12.520986986619357,7.561440000000037,-3.3000000000000114,19.040104325651484,-6.519117339032126
2024-01-02 15:00:00-05:00,5.328440000000025,14.720986986619359,7.561440000000037,-2.233000000000011,19.040104325651484,-4.319117339032125
2024-01-03 15:00:00-05:00,4.718440000000026,13.428614105263428,7.561440000000037,-2.8430000000000106,19.040104325651484,-5.611490220388056
2024-01-04 11:00:00-05:00,5.729120000000027,15.628614105263429,7.561440000000037,-1.83232000000001,19.040104325651484,-3.411490220388055
2024-01-05 15:00:00-05:00,5.639120000000023,15.433216797404107,7.561440000000037,-1.9223200000000134,19.040104325651484,-3.606887528247377
2024-01-08 14:00:00-05:00,6.681260000000027,17.633216797404113,7.561440000000037,-0.88018000000001,19.040104325651484,-1.4068875282473705
2024-01-09 11:00:00-05:00,7.737260000000024,19.83321679740411,7.737260000000024,0.0,19.83321679740411,0.0
2024-01-10 15:00:00-05:00,6.847260000000023,18.022801825882546,7.737260000000024,-0.8900000000000006,19.83321679740411,-1.8104149715215634
2024-01-11 10:00:00-05:00,7.952100000000026,20.222801825882552,7.952100000000026,0.0,20.222801825882552,0.0
2024-01-12 15:00:00-05:00,8.082100000000022,20.480329559638488,8.082100000000022,0.0,20.480329559638488,0.0
2024-01-16 15:00:00-05:00,7.622100000000021,19.55774632658594,8.082100000000022,-0.46000000000000085,20.480329559638488,-0.9225832330525492
2024-01-17 15:00:00-05:00,6.222100000000022,16.64350819169835,8.082100000000022,-1.8599999999999994,20.480329559638488,-3.8368213679401393
2024-01-18 15:00:00-05:00,6.932100000000023,18.039497181080968,8.082100000000022,-1.1499999999999986,20.480329559638488,-2.44083237855752
2024-01-19 13:00:00-05:00,8.087320000000023,20.239497181080967,8.087320000000023,0.0,20.480329559638488,-0.2408323785575206
2024-01-22 15:00:00-05:00,7.337320000000023,18.888145829729616,8.087320000000023,-0.75,20.480329559638488,-1.5921837299088715
2024-01-23 15:00:00-05:00,6.827320000000025,17.95884553818443,8.087320000000023,-1.259999999999998,20.480329559638488,-2.5214840214540573
2024-01-24 15:00:00-05:00,7.24732000000002,18.699194559866072,8.087320000000023,-0.8400000000000034,20.480329559638488,-1.7811349997724157
2024-01-25 15:00:00-05:00,7.527320000000014,19.192760574320495,8.087320000000023,-0.5600000000000094,20.480329559638488,-1.2875689853179928
2024-01-26 15:00:00-05:00,7.727320000000017,19.552408119726003,8.087320000000023,-0.36000000000000654,20.480329559638488,-0.9279214399124847
2024-01-29 15:00:00-05:00,8.952720000000017,21.752408119726006,8.952720000000017,0.0,21.752408119726006,0.0
2024-01-30 15:00:00-05:00,8.102720000000016,20.255402131702052,8.952720000000017,-0.8500000000000014,21.752408119726006,-1.497005988023954
2024-01-31 15:00:00-05:00,9.288740000000015,22.45540213170205,9.288740000000015,0.0,22.45540213170205,0.0
2024-02-01 15:00:00-05:00,8.028740000000017,20.090093327497062,9.288740000000015,-1.259999999999998,22.45540213170205,-2.3653088042049895
2024-02-02 12:00:00-05:00,9.26008000000002,22.29009332749707,9.288740000000015,-0.028659999999995023,22.45540213170205,-0.16530880420498306
2024-02-05 10:00:00-05:00,10.51496000000002,24.490093327497068,10.51496000000002,0.0,24.490093327497068,0.0
2024-02-06 15:00:00-05:00,10.44496000000002,24.366287172562508,10.51496000000002,-0.07000000000000028,24.490093327497068,-0.12380615493455949
2024-02-07 15:00:00-05:00,9.544960000000021,22.79916197667186,10.51496000000002,-0.9699999999999989,24.490093327497068,-1.6909313508252062
2024-02-08 15:00:00-05:00,9.664960000000018,23.004430536370798,10.51496000000002,-0.8500000000000014,24.490093327497068,-1.4856627911262699
2024-02-09 15:00:00-05:00,10.614960000000014,24.60510450435731,10.614960000000014,0.0,24.60510450435731,0.0
2024-02-12 15:00:00-05:00,9.834960000000013,23.312215394461735,10.614960000000014,-0.7800000000000011,24.60510450435731,-1.292889109895576
2024-02-13 15:00:00-05:00,9.874960000000012,23.382749691763795,10.614960000000014,-0.740000000000002,24.60510450435731,-1.2223548125935153
2024-02-14 15:00:00-05:00,10.664960000000011,24.749295272113216,10.664960000000011,0.0,24.749295272113216,0.0
2024-02-15 15:00:00-05:00,9.724960000000006,23.130837971837725,10.664960000000011,-0.9400000000000048,24.749295272113216,-1.618457300275491
2024-02-16 15:00:00-05:00,9.99496000000001,23.599019001835995,10.664960000000011,-0.6700000000000017,24.749295272113216,-1.150276270277221
2024-02-20 15:00:00-05:00,9.534960000000009,22.771978368970117,10.664960000000011,-1.1300000000000026,24.749295272113216,-1.9773169031430982
2024-02-21 15:00:00-05:00,8.92496000000001,21.65822996656004,10.664960000000011,-1.740000000000002,24.749295272113216,-3.091065305553176
2024-02-22 14:00:00-05:00,10.223840000000013,23.858229966560046,10.664960000000011,-0.44111999999999796,24.749295272113216,-0.8910653055531697
2024-02-23 11:00:00-05:00,11.556160000000016,26.05822996656005,11.556160000000016,0.0,26.05822996656005,0.0
2024-02-26 15:00:00-05:00,11.636160000000014,26.192413126573463,11.636160000000014,0.0,26.192413126573463,0.0
2024-02-27 15:00:00-05:00,11.376160000000016,25.75675629011234,11.636160000000014,-0.259999999999998,26.192413126573463,-0.4356568364611242
2024-02-28 15:00:00-05:00,11.176160000000014,25.41633075819744,11.636160000000014,-0.46000000000000085,26.192413126573463,-0.7760823683760236
2024-02-29 15:00:00-05:00,11.296160000000011,25.615302736310518,11.636160000000014,-0.3400000000000034,26.192413126573463,-0.5771103902629449
2024-03-01 12:00:00-05:00,12.641020000000015,27.815302736310525,12.641020000000015,0.0,27.815302736310525,0.0
2024-03-04 15:00:00-05:00,13.021020000000018,28.420880425553555,13.021020000000018,0.0,28.420880425553555,0.0
2024-03-05 10:00:00-05:00,14.344320000000021,30.620880425553562,14.344320000000021,0.0,30.620880425553562,0.0
2024-03-06 15:00:00-05:00,14.38432000000002,30.68734769042561,14.38432000000002,0.0,30.68734769042561,0.0
2024-03-07 13:00:00-05:00,15.740620000000025,32.88734769042562,15.740620000000025,0.0,32.88734769042562,0.0
2024-03-08 15:00:00-05:00,12.150620000000021,27.245354919719972,15.740620000000025,-3.5900000000000034,32.88734769042562,-5.641992770705649
2024-03-11 15:00:00-04:00,11.450620000000018,26.051834033104452,15.740620000000025,-4.290000000000006,32.88734769042562,-6.835513657321169
2024-03-12 15:00:00-04:00,9.680620000000022,23.108211881100466,15.740620000000025,-6.060000000000002,32.88734769042562,-9.779135809325155
2024-03-13 15:00:00-04:00,9.810620000000018,23.322910477301946,15.740620000000025,-5.930000000000007,32.88734769042562,-9.564437213123675
2024-03-14 15:00:00-04:00,9.420620000000017,22.667998638511012,15.740620000000025,-6.320000000000007,32.88734769042562,-10.219349051914609
2024-03-15 15:00:00-04:00,9.820620000000016,23.3558748207982,15.740620000000025,-5.920000000000009,32.88734769042562,-9.531472869627422
2024-03-18 15:00:00-04:00,9.260620000000014,22.421451326721773,15.740620000000025,-6.480000000000011,32.88734769042562,-10.465896363703848
2024-03-19 15:00:00-04:00,7.4906200000000105,19.372355719486624,15.740620000000025,-8.250000000000014,32.88734769042562,-13.514991970938997
2024-03-20 15:00:00-04:00,5.290620000000008,15.675498048506952,15.740620000000025,-10.450000000000017,32.88734769042562,-17.21184964191867
2024-03-21 15:00:00-04:00,6.180620000000008,17.08016976567867,15.740620000000025,-9.560000000000016,32.88734769042562,-15.807177924746952
2024-03-22 15:00:00-04:00,5.760620000000014,16.404928608122407,15.740620000000025,-9.980000000000011,32.88734769042562,-16.482419082303213
2024-03-25 15:00:00-04:00,6.050620000000013,16.87486865025496,15.740620000000025,-9.690000000000012,32.88734769042562,-16.01247904017066
2024-03-26 15:00:00-04:00,4.590620000000012,14.550768045352061,15.740620000000025,-11.150000000000013,32.88734769042562,-18.33657964507356
2024-03-27 15:00:00-04:00,4.050620000000006,13.67143243225972,15.740620000000025,-11.690000000000019,32.88734769042562,-19.2159152581659
2024-03-28 15:00:00-04:00,3.60062000000001,12.945391773982864,15.740620000000025,-12.140000000000015,32.88734769042562,-19.941955916442758
2024-04-01 15:00:00-04:00,2.7406200000000105,11.575746926077148,15.740620000000025,-13.000000000000014,32.88734769042562,-21.311600764348473
2024-04-02 15:00:00-04:00,2.0006200000000085,10.332884984525247,15.740620000000025,-13.740000000000016,32.88734769042562,-22.554462705900374
2024-04-03 10:00:00-04:00,3.313800000000011,12.532884984525252,15.740620000000025,-12.426820000000014,32.88734769042562,-20.354462705900367
2024-04-04 14:00:00-04:00,4.680440000000015,14.732884984525258,15.740620000000025,-11.06018000000001,32.88734769042562,-18.154462705900364
2024-04-05 11:00:00-04:00,5.979540000000018,16.932884984525263,15.740620000000025,-9.761080000000007,32.88734769042562,-15.954462705900358
2024-04-08 15:00:00-04:00,6.029540000000015,17.016301734608675,15.740620000000025,-9.71108000000001,32.88734769042562,-15.871045955816946
2024-04-09 10:00:00-04:00,7.357020000000016,19.216301734608678,15.740620000000025,-8.383600000000008,32.88734769042562,-13.671045955816943
2024-04-10 15:00:00-04:00,7.477020000000014,19.42055705375761,15.740620000000025,-8.263600000000011,32.88734769042562,-13.466790636668012
2024-04-11 15:00:00-04:00,5.337020000000013,15.828144765693146,15.740620000000025,-10.403600000000012,32.88734769042562,-17.059202924732475
2024-04-12 15:00:00-04:00,3.757020000000015,13.20791259322217,15.740620000000025,-11.98360000000001,32.88734769042562,-19.679435097203452
2024-04-15 11:00:00-04:00,5.075040000000019,15.407912593222179,15.740620000000025,-10.665580000000006,32.88734769042562,-17.479435097203442
2024-04-16 15:00:00-04:00,4.865040000000025,15.03277861680204,15.740620000000025,-10.87558,32.88734769042562,-17.85456907362358
2024-04-17 11:00:00-04:00,6.095280000000027,17.232778616802044,15.740620000000025,-9.645339999999997,32.88734769042562,-15.654569073623577
2024-04-18 15:00:00-04:00,6.705280000000027,18.376814625804293,15.740620000000025,-9.035339999999998,32.88734769042562,-14.510533064621328
2024-04-19 11:00:00-04:00,7.847520000000028,20.576814625804296,15.740620000000025,-7.893099999999997,32.88734769042562,-12.310533064621325
2024-04-22 11:00:00-04:00,8.954780000000031,22.776814625804302,15.740620000000025,-6.785839999999993,32.88734769042562,-10.110533064621318
2024-04-23 13:00:00-04:00,10.104280000000035,24.97681462580431,15.740620000000025,-5.63633999999999,32.88734769042562,-7.910533064621312
2024-04-24 15:00:00-04:00,9.394280000000034,23.67094741962443,15.740620000000025,-6.346339999999991,32.88734769042562,-9.216400270801191
2024-04-25 12:00:00-04:00,10.514960000000034,25.87094741962443,15.740620000000025,-5.225659999999991,32.88734769042562,-7.016400270801192
2024-04-26 15:00:00-04:00,10.974960000000035,26.709598285622608,15.740620000000025,-4.76565999999999,32.88734769042562,-6.177749404803013
2024-04-29 15:00:00-04:00,10.60496000000003,26.043891196741708,15.740620000000025,-5.135659999999994,32.88734769042562,-6.843456493683913
2024-04-30 15:00:00-04:00,7.71496000000003,20.84791852504088,15.740620000000025,-8.025659999999995,32.88734769042562,-12.039429165384743
2024-05-01 15:00:00-04:00,8.124960000000026,21.63683520774243,15.740620000000025,-7.615659999999998,32.88734769042562,-11.250512482683192
2024-05-02 15:00:00-04:00,6.794960000000021,19.08845429185815,15.740620000000025,-8.945660000000004,32.88734769042562,-13.798893398567472
2024-05-03 15:00:00-04:00,6.804960000000019,19.10608786618366,15.740620000000025,-8.935660000000006,32.88734769042562,-13.78125982424196
2024-05-06 15:00:00-04:00,7.65496000000002,20.577949338045133,15.740620000000025,-8.085660000000004,32.88734769042562,-12.309398352380487
2024-05-07 15:00:00-04:00,7.634960000000017,20.543784664317762,15.740620000000025,-8.105660000000007,32.88734769042562,-12.343563026107859
2024-05-08 15:00:00-04:00,7.784960000000016,20.801030419762796,15.740620000000025,-7.955660000000009,32.88734769042562,-12.086317270662825
2024-05-09 15:00:00-04:00,7.234960000000012,19.856337874245785,15.740620000000025,-8.505660000000013,32.88734769042562,-13.031009816179836
2024-05-10 15:00:00-04:00,6.524960000000011,18.6704350848688,15.740620000000025,-9.215660000000014,32.88734769042562,-14.216912605556821
2024-05-13 15:00:00-04:00,6.4449600000000125,18.535958702283494,15.740620000000025,-9.295660000000012,32.88734769042562,-14.351388988142126
2024-05-14 15:00:00-04:00,7.754620000000013,20.735958702283497,15.740620000000025,-7.986000000000011,32.88734769042562,-12.151388988142124
2024-05-15 15:00:00-04:00,5.684620000000013,17.365720994696392,15.740620000000025,-10.056000000000012,32.88734769042562,-15.521626695729228
2024-05-16 15:00:00-04:00,5.084620000000012,16.423509939420008,15.740620000000025,-10.656000000000013,32.88734769042562,-16.463837751005613
2024-05-17 15:00:00-04:00,5.084620000000012,16.423509939420008,15.740620000000025,-10.656000000000013,32.88734769042562,-16.463837751005613
2024-05-20 15:00:00-04:00,5.244620000000008,16.673158870610514,15.740620000000025,-10.496000000000016,32.88734769042562,-16.214188819815107
2024-05-21 15:00:00-04:00,6.184620000000013,18.14998526495459,15.740620000000025,-9.556000000000012,32.88734769042562,-14.73736242547103
2024-05-22 15:00:00-04:00,5.834620000000005,17.610444645253637,15.740620000000025,-9.90600000000002,32.88734769042562,-15.276903045171984
2024-05-23 14:00:00-04:00,7.268140000000006,19.81044464525364,15.740620000000025,-8.472480000000019,32.88734769042562,-13.076903045171981
2024-05-24 15:00:00-04:00,6.028139999999997,17.876872214254092,15.740620000000025,-9.712480000000028,32.88734769042562,-15.010475476171528
2024-05-28 15:00:00-04:00,5.2081399999999896,16.620552312308316,15.740620000000025,-10.532480000000035,32.88734769042562,-16.266795378117305
2024-05-29 15:00:00-04:00,4.988139999999991,16.281673692468516,15.740620000000025,-10.752480000000034,32.88734769042562,-16.605673997957105
2024-05-30 15:00:00-04:00,6.395919999999993,18.48167369246852,15.740620000000025,-9.344700000000032,32.88734769042562,-14.405673997957102
2024-05-31 10:00:00-04:00,7.760139999999996,20.681673692468525,15.740620000000025,-7.980480000000028,32.88734769042562,-12.205673997957096
2024-06-03 12:00:00-04:00,9.153399999999994,22.88167369246852,15.740620000000025,-6.5872200000000305,32.88734769042562,-10.0056739979571
2024-06-04 15:00:00-04:00,8.17339999999999,21.316678483270174,15.740620000000025,-7.5672200000000345,32.88734769042562,-11.570669207155447
2024-06-05 12:00:00-04:00,9.608239999999999,23.516678483270187,15.740620000000025,-6.132380000000026,32.88734769042562,-9.370669207155434
2024-06-06 15:00:00-04:00,9.208240000000007,22.91948529127259,15.740620000000025,-6.532380000000018,32.88734769042562,-9.96786239915303
2024-06-07 15:00:00-04:00,9.148240000000005,22.82999983265961,15.740620000000025,-6.59238000000002,32.88734769042562,-10.057347857766011
2024-06-10 15:00:00-04:00,10.40824000000001,24.72103990469924,15.740620000000025,-5.332380000000015,32.88734769042562,-8.166307785726381
2024-06-11 15:00:00-04:00,8.188240000000011,21.410571667299898,15.740620000000025,-7.552380000000014,32.88734769042562,-11.476776023125723
2024-06-12 15:00:00-04:00,8.188240000000011,21.410571667299898,15.740620000000025,-7.552380000000014,32.88734769042562,-11.476776023125723
2024-06-13 15:00:00-04:00,8.588240000000003,21.954641308213922,15.740620000000025,-7.152380000000022,32.88734769042562,-10.932706382211698
2024-06-14 15:00:00-04:00,9.098240000000008,22.646917675799106,15.740620000000025,-6.642380000000017,32.88734769042562,-10.240430014626515
2024-06-17 15:00:00-04:00,6.448240000000002,19.07789410677553,15.740620000000025,-9.292380000000023,32.88734769042562,-13.80945358365009
2024-06-18 15:00:00-04:00,6.208240000000007,18.764905061392128,15.740620000000025,-9.532380000000018,32.88734769042562,-14.122442629033493
2024-06-20 12:00:00-04:00,7.909500000000012,20.964905061392134,15.740620000000025,-7.831120000000013,32.88734769042562,-11.922442629033487
2024-06-21 15:00:00-04:00,7.729500000000019,20.72225205519101,15.740620000000025,-8.011120000000005,32.88734769042562,-12.16509563523461
2024-06-24 15:00:00-04:00,5.49950000000003,17.71158646858376,15.740620000000025,-10.241119999999995,32.88734769042562,-15.17576122184186
2024-06-25 15:00:00-04:00,7.101320000000033,19.911586468583764,15.740620000000025,-8.639299999999992,32.88734769042562,-12.975761221841857
2024-06-26 15:00:00-04:00,7.4713200000000235,20.410979099168173,15.740620000000025,-8.269300000000001,32.88734769042562,-12.476368591257447
2024-06-27 15:00:00-04:00,7.371320000000029,20.27778783651501,15.740620000000025,-8.369299999999996,32.88734769042562,-12.60955985391061
2024-06-28 15:00:00-04:00,4.90132000000003,17.03504134839633,15.740620000000025,-10.839299999999994,32.88734769042562,-15.85230634202929
2024-07-01 15:00:00-04:00,3.1413200000000394,14.63263894599394,15.740620000000025,-12.599299999999985,32.88734769042562,-18.25470874443168
2024-07-02 13:00:00-04:00,4.795500000000036,16.832638945993935,15.740620000000025,-10.945119999999989,32.88734769042562,-16.054708744431686
2024-07-03 12:00:00-04:00,6.3855000000000395,18.880816197056674,15.740620000000025,-9.355119999999985,32.88734769042562,-14.006531493368946
2024-07-05 15:00:00-04:00,7.625500000000034,20.422721195813196,15.740620000000025,-8.11511999999999,32.88734769042562,-12.464626494612425
2024-07-08 15:00:00-04:00,7.995500000000025,20.874822857592264,15.740620000000025,-7.74512,32.88734769042562,-12.012524832833357
2024-07-09 15:00:00-04:00,7.145500000000016,19.853556487293083,15.740620000000025,-8.595120000000009,32.88734769042562,-13.033791203132537
2024-07-10 15:00:00-04:00,8.705500000000018,21.724508754023717,15.740620000000025,-7.035120000000006,32.88734769042562,-11.162838936401904
2024-07-11 10:00:00-04:00,10.567580000000024,23.924508754023723,15.740620000000025,-5.17304,32.88734769042562,-8.962838936401898
2024-07-12 13:00:00-04:00,12.342320000000033,26.124508754023733,15.740620000000025,-3.398299999999992,32.88734769042562,-6.762838936401888
2024-07-15 11:00:00-04:00,14.139060000000033,28.324508754023732,15.740620000000025,-1.601559999999992,32.88734769042562,-4.562838936401889
2024-07-16 15:00:00-04:00,13.919060000000034,28.053238717032364,15.740620000000025,-1.821559999999991,32.88734769042562,-4.834108973393256
2024-07-17 11:00:00-04:00,15.607120000000041,30.253238717032374,15.740620000000025,-0.13349999999998374,32.88734769042562,-2.6341089733932463
2024-07-18 10:00:00-04:00,17.257120000000047,32.453238717032384,17.257120000000047,0.0,32.88734769042562,-0.4341089733932364
2024-07-19 15:00:00-04:00,15.317120000000049,29.79461188408734,17.257120000000047,-1.9399999999999977,32.88734769042562,-3.092735806338279
2024-07-22 15:00:00-04:00,15.667120000000043,30.268802373180954,17.257120000000047,-1.5900000000000034,32.88734769042562,-2.618545317244667
2024-07-23 15:00:00-04:00,14.737120000000036,29.016782987074322,17.257120000000047,-2.5200000000000102,32.88734769042562,-3.870564703351299
2024-07-24 11:00:00-04:00,16.251600000000042,31.216782987074332,17.257120000000047,-1.0055200000000042,32.88734769042562,-1.670564703351289
2024-07-25 10:00:00-04:00,17.651900000000044,33.416782987074335,17.651900000000044,0.0,33.416782987074335,0.0
2024-07-26 15:00:00-04:00,17.191900000000036,32.70569935745614,17.651900000000044,-0.46000000000000796,33.416782987074335,-0.7110836296181944
2024-07-29 15:00:00-04:00,15.661900000000035,30.421776383877994,17.651900000000044,-1.990000000000009,33.416782987074335,-2.995006603196341
2024-07-30 11:00:00-04:00,17.105760000000036,32.62177638387799,17.651900000000044,-0.5461400000000083,33.416782987074335,-0.7950066031963416
2024-07-31 14:00:00-04:00,18.58394000000003,34.82177638387799,18.58394000000003,0.0,34.82177638387799,0.0
2024-08-01 15:00:00-04:00,12.063940000000034,25.487488624393386,18.58394000000003,-6.519999999999996,34.82177638387799,-9.334287759484603
2024-08-02 10:00:00-04:00,13.359080000000038,27.687488624393392,18.58394000000003,-5.2248599999999925,34.82177638387799,-7.134287759484597
2024-08-05 10:00:00-04:00,14.51122000000004,29.8874886243934,18.58394000000003,-4.07271999999999,34.82177638387799,-4.93428775948459
2024-08-06 10:00:00-04:00,15.714840000000041,32.0874886243934,18.58394000000003,-2.869099999999989,34.82177638387799,-2.7342877594845874
2024-08-07 15:00:00-04:00,10.72484000000004,23.509183656196733,18.58394000000003,-7.859099999999991,34.82177638387799,-11.312592727681256
2024-08-08 15:00:00-04:00,7.944840000000038,18.480240096138843,18.58394000000003,-10.639099999999992,34.82177638387799,-16.341536287739146
2024-08-09 15:00:00-04:00,6.274840000000037,15.56320952845325,18.58394000000003,-12.309099999999994,34.82177638387799,-19.25856685542474
2024-08-12 15:00:00-04:00,5.274840000000037,13.847060566723371,18.58394000000003,-13.309099999999994,34.82177638387799,-20.974715817154618
2024-08-13 12:00:00-04:00,6.631800000000037,16.047060566723374,18.58394000000003,-11.952139999999993,34.82177638387799,-18.774715817154615
2024-08-14 15:00:00-04:00,5.861800000000034,14.822895224910969,18.58394000000003,-12.722139999999996,34.82177638387799,-19.99888115896702
2024-08-15 15:00:00-04:00,7.1318000000000445,16.712494986851173,18.58394000000003,-11.452139999999986,34.82177638387799,-18.109281397026816
2024-08-16 15:00:00-04:00,6.031800000000036,15.08407159676974,18.58394000000003,-12.552139999999994,34.82177638387799,-19.73770478710825
2024-08-19 15:00:00-04:00,3.1918000000000326,10.93808619530988,18.58394000000003,-15.392139999999998,34.82177638387799,-23.88369018856811
2024-08-20 15:00:00-04:00,2.041800000000041,9.340642105853023,18.58394000000003,-16.54213999999999,34.82177638387799,-25.481134278024967
2024-08-21 15:00:00-04:00,2.3218000000000423,9.73186747961298,18.58394000000003,-16.262139999999988,34.82177638387799,-25.08990890426501
2024-08-22 11:00:00-04:00,3.9198800000000382,11.931867479612974,18.58394000000003,-14.664059999999992,34.82177638387799,-22.889908904265013
2024-08-23 12:00:00-04:00,5.462960000000042,14.131867479612978,18.58394000000003,-13.120979999999989,34.82177638387799,-20.68990890426501
2024-08-26 10:00:00-04:00,6.999000000000041,16.331867479612978,18.58394000000003,-11.584939999999989,34.82177638387799,-18.48990890426501
2024-08-27 11:00:00-04:00,8.493020000000048,18.531867479612988,18.58394000000003,-10.090919999999983,34.82177638387799,-16.289908904265
2024-08-28 11:00:00-04:00,9.991000000000046,20.731867479612987,18.58394000000003,-8.592939999999984,34.82177638387799,-14.089908904265002
2024-08-29 15:00:00-04:00,7.3710000000000555,16.932563535297454,18.58394000000003,-11.212939999999975,34.82177638387799,-17.889212848580534
2024-08-30 15:00:00-04:00,7.581000000000049,17.239356815063697,18.58394000000003,-11.002939999999981,34.82177638387799,-17.58241956881429
2024-09-03 10:00:00-04:00,9.035860000000046,19.439356815063693,18.58394000000003,-9.548079999999985,34.82177638387799,-15.382419568814296
2024-09-04 11:00:00-04:00,10.399200000000047,21.639356815063696,18.58394000000003,-8.184739999999984,34.82177638387799,-13.182419568814293
2024-09-05 15:00:00-04:00,9.639200000000042,20.42858733919942,18.58394000000003,-8.944739999999989,34.82177638387799,-14.393189044678568
2024-09-06 10:00:00-04:00,10.955020000000044,22.628587339199424,18.58394000000003,-7.628919999999987,34.82177638387799,-12.193189044678565
2024-09-09 15:00:00-04:00,10.97502000000004,22.66242828674595,18.58394000000003,-7.608919999999991,34.82177638387799,-12.159348097132039
2024-09-10 15:00:00-04:00,11.875020000000038,24.166941827367815,18.58394000000003,-6.708919999999992,34.82177638387799,-10.654834556510174
2024-09-11 10:00:00-04:00,13.197660000000038,26.366941827367814,18.58394000000003,-5.386279999999992,34.82177638387799,-8.454834556510175
2024-09-12 15:00:00-04:00,11.25766000000004,23.364775315452,18.58394000000003,-7.32627999999999,34.82177638387799,-11.457001068425988
2024-09-13 15:00:00-04:00,11.907660000000046,24.338995938953207,18.58394000000003,-6.676279999999984,34.82177638387799,-10.482780444924781
2024-09-16 15:00:00-04:00,11.827660000000048,24.218441388018913,18.58394000000003,-6.7562799999999825,34.82177638387799,-10.603334995859075
2024-09-17 12:00:00-04:00,13.309140000000053,26.41844138801892,18.58394000000003,-5.274799999999978,34.82177638387799,-8.403334995859069
2024-09-18 15:00:00-04:00,14.49914000000005,28.19987851376742,18.58394000000003,-4.08479999999998,34.82177638387799,-6.621897870110569
2024-09-19 15:00:00-04:00,13.769140000000046,27.155380016128266,18.58394000000003,-4.814799999999984,34.82177638387799,-7.666396367749723
2024-09-20 15:00:00-04:00,13.46914000000005,26.725580589194173,18.58394000000003,-5.114799999999981,34.82177638387799,-8.096195794683815
2024-09-23 15:00:00-04:00,13.329140000000049,26.52705534812781,18.58394000000003,-5.254799999999982,34.82177638387799,-8.294721035750179
2024-09-24 15:00:00-04:00,12.459140000000044,25.29824178880577,18.58394000000003,-6.124799999999986,34.82177638387799,-9.52353459507222
2024-09-25 15:00:00-04:00,12.039140000000042,24.715555884255267,18.58394000000003,-6.544799999999988,34.82177638387799,-10.106220499622722
2024-09-26 10:00:00-04:00,13.669780000000042,26.915555884255266,18.58394000000003,-4.914159999999988,34.82177638387799,-7.906220499622723
2024-09-27 14:00:00-04:00,15.276880000000045,29.11555588425527,18.58394000000003,-3.3070599999999857,34.82177638387799,-5.70622049962272
2024-09-30 15:00:00-04:00,16.00688000000005,30.13311930772893,18.58394000000003,-2.5770599999999817,34.82177638387799,-4.68865707614906
2024-10-01 10:00:00-04:00,17.548640000000045,32.33311930772892,18.58394000000003,-1.0352999999999852,34.82177638387799,-2.4886570761490674
2024-10-02 15:00:00-04:00,16.56864000000004,30.906834924087523,18.58394000000003,-2.015299999999989,34.82177638387799,-3.914941459790466
2024-10-03 15:00:00-04:00,16.19864000000005,30.377355817046897,18.58394000000003,-2.3852999999999795,34.82177638387799,-4.444420566831091
2024-10-04 15:00:00-04:00,14.738640000000057,28.30731469979184,18.58394000000003,-3.8452999999999733,34.82177638387799,-6.51446168408615
2024-10-07 14:00:00-04:00,16.295360000000056,30.507314699791838,18.58394000000003,-2.2885799999999747,34.82177638387799,-4.314461684086151
2024-10-08 15:00:00-04:00,17.861760000000057,32.70731469979184,18.58394000000003,-0.7221799999999732,34.82177638387799,-2.1144616840861516
2024-10-09 15:00:00-04:00,15.79176000000005,29.84503593872988,18.58394000000003,-2.7921799999999806,34.82177638387799,-4.97674044514811
2024-10-11 15:00:00-04:00,16.751760000000044,31.153650987802934,18.58394000000003,-1.8321799999999868,34.82177638387799,-3.6681253960750553
2024-10-14 15:00:00-04:00,16.21176000000005,30.449976241907713,18.58394000000003,-2.372179999999979,34.82177638387799,-4.371800141970276
2024-10-15 10:00:00-04:00,17.890580000000053,32.649976241907716,18.58394000000003,-0.6933599999999771,34.82177638387799,-2.171800141970273
2024-10-16 15:00:00-04:00,16.60058000000006,30.854319226317525,18.58394000000003,-1.9833599999999691,34.82177638387799,-3.967457157560464
2024-10-17 15:00:00-04:00,17.360580000000066,31.880098683734186,18.58394000000003,-1.223359999999964,34.82177638387799,-2.941677700143803
2024-10-18 15:00:00-04:00,17.430580000000074,31.973932463895054,18.58394000000003,-1.1533599999999566,34.82177638387799,-2.8478439199829353
2024-10-21 15:00:00-04:00,17.73058000000007,32.3751629039111,18.58394000000003,-0.8533599999999595,34.82177638387799,-2.446613479966892
2024-10-22 15:00:00-04:00,18.58058000000008,33.51702211938666,18.58394000000003,-0.0033599999999509578,34.82177638387799,-1.3047542644913293
2024-10-23 12:00:00-04:00,20.211880000000075,35.717022119386655,20.211880000000075,0.0,35.717022119386655,0.0
2024-10-24 15:00:00-04:00,19.75188000000008,35.08723022453453,20.211880000000075,-0.45999999999999375,35.717022119386655,-0.6297918948521257
2024-10-25 15:00:00-04:00,18.121880000000086,32.95316371497706,20.211880000000075,-2.089999999999989,35.717022119386655,-2.7638584044095964
2024-10-28 15:00:00-04:00,18.71188000000009,33.73565708367733,20.211880000000075,-1.4999999999999858,35.717022119386655,-1.9813650357093238
2024-10-29 13:00:00-04:00,20.361440000000098,35.93565708367734,20.361440000000098,0.0,35.93565708367734,0.0
2024-10-30 15:00:00-04:00,21.461440000000092,37.37790174081645,21.461440000000092,0.0,37.37790174081645,0.0
2024-10-31 14:00:00-04:00,23.0267400000001,39.57790174081646,23.0267400000001,0.0,39.57790174081646,0.0
2024-11-01 15:00:00-04:00,22.81674000000009,39.282626150265266,23.0267400000001,-0.21000000000000796,39.57790174081646,-0.2952755905511921
2024-11-04 15:00:00-05:00,22.326740000000097,38.59004664496492,23.0267400000001,-0.7000000000000028,39.57790174081646,-0.9878550958515362
2024-11-05 15:00:00-05:00,22.8867400000001,39.36363415705223,23.0267400000001,-0.14000000000000057,39.57790174081646,-0.21426758376422583
2024-11-06 15:00:00-05:00,20.566740000000106,36.33214323845822,23.0267400000001,-2.4599999999999937,39.57790174081646,-3.2457585023582354
2024-11-07 15:00:00-05:00,21.82674000000011,37.881577571955525,23.0267400000001,-1.1999999999999886,39.57790174081646,-1.696324168860933
2024-11-08 15:00:00-05:00,22.096740000000107,38.20892965730955,23.0267400000001,-0.9299999999999926,39.57790174081646,-1.368972083506911
2024-11-11 15:00:00-05:00,21.51674000000011,37.5018712640388,23.0267400000001,-1.509999999999991,39.57790174081646,-2.0760304767776603
2024-11-12 15:00:00-05:00,20.876740000000108,36.72873765688731,23.0267400000001,-2.1499999999999915,39.57790174081646,-2.8491640839291463
2024-11-13 15:00:00-05:00,20.736740000000108,36.55727409289466,23.0267400000001,-2.289999999999992,39.57790174081646,-3.020627647921799
2024-11-14 15:00:00-05:00,21.76674000000011,37.82762436423161,23.0267400000001,-1.259999999999991,39.57790174081646,-1.7502773765848474
2024-11-15 11:00:00-05:00,23.449740000000116,40.02762436423162,23.449740000000116,0.0,40.02762436423162,0.0
2024-11-18 15:00:00-05:00,22.29974000000011,38.486689083513404,23.449740000000116,-1.1500000000000057,40.02762436423162,-1.540935280718216
2024-11-19 12:00:00-05:00,23.948640000000108,40.6866890835134,23.948640000000108,0.0,40.6866890835134,0.0
2024-11-20 15:00:00-05:00,22.39864000000011,38.636966787824434,23.948640000000108,-1.5499999999999972,40.6866890835134,-2.049722295688966
2024-11-21 10:00:00-05:00,24.076580000000117,40.836966787824444,24.076580000000117,0.0,40.836966787824444,0.0
2024-11-22 15:00:00-05:00,23.966580000000118,40.69658904407763,24.076580000000117,-0.10999999999999943,40.836966787824444,-0.14037774374681078
2024-11-25 12:00:00-05:00,25.712940000000113,42.89658904407763,25.712940000000113,0.0,42.89658904407763,0.0
2024-11-26 15:00:00-05:00,25.912940000000116,43.147750666581715,25.912940000000116,0.0,43.147750666581715,0.0
2024-11-27 11:00:00-05:00,27.638620000000113,45.34775066658171,27.638620000000113,0.0,45.34775066658171,0.0
2024-11-29 12:00:00-05:00,28.43862000000011,46.35964037060397,28.43862000000011,0.0,46.35964037060397,0.0
2024-12-02 15:00:00-05:00,29.1986200000001,47.289531475461416,29.1986200000001,0.0,47.289531475461416,0.0
2024-12-03 15:00:00-05:00,30.0586200000001,48.333854486997545,30.0586200000001,0.0,48.333854486997545,0.0
2024-12-04 15:00:00-05:00,28.64862000000009,46.67209844692682,30.0586200000001,-1.4100000000000108,48.333854486997545,-1.6617560400707276
2024-12-05 15:00:00-05:00,29.04862000000008,47.13753945227938,30.0586200000001,-1.0100000000000193,48.333854486997545,-1.1963150347181681
2024-12-06 15:00:00-05:00,29.648620000000076,47.826007610627045,30.0586200000001,-0.410000000000025,48.333854486997545,-0.5078468763705004
2024-12-09 15:00:00-05:00,27.938620000000082,45.86926198755805,30.0586200000001,-2.1200000000000188,48.333854486997545,-2.4645924994394974
2024-12-10 15:00:00-05:00,26.25862000000009,43.92504256850933,30.0586200000001,-3.8000000000000114,48.333854486997545,-4.408811918488212
2024-12-11 15:00:00-05:00,27.418620000000086,45.24098130929209,30.0586200000001,-2.640000000000015,48.333854486997545,-3.0928731777054566
2024-12-12 15:00:00-05:00,27.89862000000009,45.78637387831834,30.0586200000001,-2.160000000000011,48.333854486997545,-2.5474806086792086
2024-12-13 15:00:00-05:00,26.908620000000095,44.69172549264828,30.0586200000001,-3.1500000000000057,48.333854486997545,-3.642128994349264
2024-12-16 14:00:00-05:00,28.923600000000103,46.89172549264829,30.0586200000001,-1.1350199999999973,48.333854486997545,-1.442128994349254
2024-12-17 15:00:00-05:00,28.8336000000001,46.7938674954753,30.0586200000001,-1.2250200000000007,48.333854486997545,-1.5399869915222482
2024-12-18 15:00:00-05:00,19.153600000000107,36.24575809153066,30.0586200000001,-10.905019999999993,48.333854486997545,-12.088096395466884
2024-12-19 15:00:00-05:00,20.98312000000011,38.445758091530664,30.0586200000001,-9.075499999999991,48.333854486997545,-9.888096395466881
2024-12-20 10:00:00-05:00,22.727940000000114,40.645758091530666,30.0586200000001,-7.330679999999987,48.333854486997545,-7.688096395466879
2024-12-23 15:00:00-05:00,24.177940000000117,42.38000040704317,30.0586200000001,-5.880679999999984,48.333854486997545,-5.953854079954375
2024-12-24 12:00:00-05:00,25.79794000000012,44.24528538113644,30.0586200000001,-4.260679999999979,48.333854486997545,-4.0885691058611044
2024-12-26 15:00:00-05:00,26.37794000000012,44.90708364676857,30.0586200000001,-3.680679999999981,48.333854486997545,-3.4267708402289756
2024-12-27 10:00:00-05:00,28.24090000000012,47.10708364676857,30.0586200000001,-1.81771999999998,48.333854486997545,-1.2267708402289728
2024-12-30 15:00:00-05:00,26.830900000000124,45.3403877439995,30.0586200000001,-3.2277199999999766,48.333854486997545,-2.993466742998045
2024-12-31 12:00:00-05:00,28.625000000000124,47.5403877439995,30.0586200000001,-1.4336199999999764,48.333854486997545,-0.7934667429980422
2025-01-02 15:00:00-05:00,26.215000000000128,44.5658135647845,30.0586200000001,-3.843619999999973,48.333854486997545,-3.7680409222130464
2025-01-03 14:00:00-05:00,27.996560000000127,46.765813564784494,30.0586200000001,-2.062059999999974,48.333854486997545,-1.5680409222130507
2025-01-06 15:00:00-05:00,27.266560000000123,45.916383730016044,30.0586200000001,-2.792059999999978,48.333854486997545,-2.4174707569815013
2025-01-07 10:00:00-05:00,29.131940000000125,48.11638373001605,30.0586200000001,-0.9266799999999762,48.333854486997545,-0.21747075698149843
2025-01-08 12:00:00-05:00,30.90118000000012,50.31638373001604,30.90118000000012,0.0,50.31638373001604,0.0
2025-01-10 10:00:00-05:00,32.60134000000012,52.51638373001604,32.60134000000012,0.0,52.51638373001604,0.0
2025-01-13 15:00:00-05:00,34.23924000000012,54.71638373001604,34.23924000000012,0.0,54.71638373001604,0.0
2025-01-14 11:00:00-05:00,35.92092000000012,56.916383730016044,35.92092000000012,0.0,56.916383730016044,0.0
2025-01-15 15:00:00-05:00,36.69092000000012,57.87744214239747,36.69092000000012,0.0,57.87744214239747,0.0
2025-01-16 15:00:00-05:00,38.16092000000012,59.69900348068743,38.16092000000012,0.0,59.69900348068743,0.0
2025-01-17 15:00:00-05:00,37.14092000000011,58.457069960658195,38.16092000000012,-1.0200000000000102,59.69900348068743,-1.2419335200292352
2025-01-21 15:00:00-05:00,36.15092000000011,57.27200891205873,38.16092000000012,-2.010000000000005,59.69900348068743,-2.4269945686287
2025-01-22 15:00:00-05:00,35.970920000000106,57.0674169593422,38.16092000000012,-2.190000000000012,59.69900348068743,-2.631586521345234
2025-01-23 15:00:00-05:00,37.7109200000001,59.07572720864967,38.16092000000012,-0.45000000000001705,59.69900348068743,-0.6232762720377636
2025-01-24 15:00:00-05:00,35.8709200000001,56.99874335042639,38.16092000000012,-2.2900000000000205,59.69900348068743,-2.700260130261043
2025-01-27 15:00:00-05:00,34.930920000000086,55.82389020706929,38.16092000000012,-3.2300000000000324,59.69900348068743,-3.8751132736181404
2025-01-28 15:00:00-05:00,31.67092000000008,51.717579588603485,38.16092000000012,-6.4900000000000375,59.69900348068743,-7.981423892083946
2025-01-29 15:00:00-05:00,31.55092000000009,51.571202423441264,38.16092000000012,-6.610000000000028,59.69900348068743,-8.127801057246167
2025-01-30 15:00:00-05:00,30.990920000000088,50.90238598966603,38.16092000000012,-7.17000000000003,59.69900348068743,-8.7966174910214
2025-01-31 15:00:00-05:00,27.710920000000087,47.087988966756384,38.16092000000012,-10.450000000000031,59.69900348068743,-12.611014513931046
2025-02-03 15:00:00-05:00,25.52092000000009,44.298890647856744,38.16092000000012,-12.640000000000029,59.69900348068743,-15.400112832830686
2025-02-04 15:00:00-05:00,26.740920000000102,45.77839586250629,38.16092000000012,-11.420000000000016,59.69900348068743,-13.920607618181144
2025-02-05 12:00:00-05:00,28.556360000000097,47.97839586250628,38.16092000000012,-9.60456000000002,59.69900348068743,-11.720607618181148
2025-02-06 15:00:00-05:00,29.466360000000094,49.0474748098747,38.16092000000012,-8.694560000000024,59.69900348068743,-10.65152867081273
2025-02-07 15:00:00-05:00,25.70636000000009,44.699145909678094,38.16092000000012,-12.45456000000003,59.69900348068743,-14.999857571009336
2025-02-10 15:00:00-05:00,26.31636000000009,45.4163710713477,38.16092000000012,-11.84456000000003,59.69900348068743,-14.282632409339733
2025-02-11 15:00:00-05:00,26.45636000000009,45.58127095356207,38.16092000000012,-11.70456000000003,59.69900348068743,-14.117732527125362
2025-02-12 14:00:00-05:00,28.298420000000093,47.78127095356207,38.16092000000012,-9.862500000000026,59.69900348068743,-11.91773252712536
2025-02-13 15:00:00-05:00,30.20274000000009,49.98127095356207,38.16092000000012,-7.958180000000027,59.69900348068743,-9.717732527125364
2025-02-14 15:00:00-05:00,30.982740000000078,50.85728173523321,38.16092000000012,-7.17818000000004,59.69900348068743,-8.841721745454223
2025-02-18 15:00:00-05:00,30.55274000000007,50.37929151735859,38.16092000000012,-7.608180000000047,59.69900348068743,-9.319711963328842
2025-02-19 15:00:00-05:00,29.602740000000082,49.318313183653,38.16092000000012,-8.558180000000036,59.69900348068743,-10.380690297034434
2025-02-20 15:00:00-05:00,27.952740000000077,47.434966533727184,38.16092000000012,-10.208180000000041,59.69900348068743,-12.264036946960246
2025-02-21 12:00:00-05:00,29.904360000000082,49.634966533727194,38.16092000000012,-8.256560000000036,59.69900348068743,-10.064036946960236
2025-02-24 15:00:00-05:00,31.715620000000087,51.8349665337272,38.16092000000012,-6.445300000000032,59.69900348068743,-7.864036946960233
2025-02-25 10:00:00-05:00,33.44988000000009,54.03496653372721,38.16092000000012,-4.711040000000025,59.69900348068743,-5.664036946960223
2025-02-26 15:00:00-05:00,32.24988000000009,52.521343930296325,38.16092000000012,-5.911040000000028,59.69900348068743,-7.177659550391105
2025-02-27 14:00:00-05:00,33.922760000000096,54.721343930296335,38.16092000000012,-4.238160000000022,59.69900348068743,-4.977659550391095
2025-02-28 10:00:00-05:00,35.49532000000009,56.92134393029633,38.16092000000012,-2.665600000000026,59.69900348068743,-2.7776595503910997
2025-03-03 13:00:00-05:00,37.1250800000001,59.121343930296334,38.16092000000012,-1.0358400000000216,59.69900348068743,-0.5776595503910968
2025-03-04 10:00:00-05:00,38.6125000000001,61.32134393029634,38.6125000000001,0.0,61.32134393029634,0.0
2025-03-05 15:00:00-05:00,35.102500000000106,56.19800427185233,38.6125000000001,-3.509999999999991,61.32134393029634,-5.12333965844401
2025-03-06 12:00:00-05:00,36.600480000000104,58.39800427185232,38.6125000000001,-2.0120199999999926,61.32134393029634,-2.9233396584440143
2025-03-07 15:00:00-05:00,37.45048000000011,59.67466392940716,38.6125000000001,-1.162019999999984,61.32134393029634,-1.6466800008891767
2025-03-10 10:00:00-04:00,38.838020000000114,61.87466392940716,38.838020000000114,0.0,61.87466392940716,0.0
2025-03-11 14:00:00-04:00,40.165280000000116,64.07466392940717,40.165280000000116,0.0,64.07466392940717,0.0
2025-03-12 10:00:00-04:00,41.51718000000012,66.27466392940717,41.51718000000012,0.0,66.27466392940717,0.0
2025-03-13 13:00:00-04:00,42.81276000000012,68.47466392940717,42.81276000000012,0.0,68.47466392940717,0.0
2025-03-14 11:00:00-04:00,44.14310000000012,70.67466392940717,44.14310000000012,0.0,70.67466392940717,0.0
2025-03-17 14:00:00-04:00,45.52206000000012,72.87466392940718,45.52206000000012,0.0,72.87466392940718,0.0
2025-03-18 15:00:00-04:00,45.25206000000012,72.42194763162047,45.52206000000012,-0.269999999999996,72.87466392940718,-0.45271629778670786
2025-03-19 14:00:00-04:00,46.59406000000012,74.62194763162047,46.59406000000012,0.0,74.62194763162047,0.0
2025-03-20 10:00:00-04:00,47.95894000000012,76.82194763162047,47.95894000000012,0.0,76.82194763162047,0.0
2025-03-21 12:00:00-04:00,49.28092000000012,79.02194763162048,49.28092000000012,0.0,79.02194763162048,0.0
2025-03-24 15:00:00-04:00,49.79092000000011,79.79914970415932,49.79092000000011,0.0,79.79914970415932,0.0
2025-03-25 15:00:00-04:00,50.52092000000012,80.89573975973991,50.52092000000012,0.0,80.89573975973991,0.0
2025-03-26 12:00:00-04:00,51.960160000000116,83.09573975973991,51.960160000000116,0.0,83.09573975973991,0.0
2025-03-27 15:00:00-04:00,51.19016000000012,81.87448678590962,51.960160000000116,-0.769999999999996,83.09573975973991,-1.221252973830289
2025-03-28 10:00:00-04:00,52.532380000000124,84.07448678590963,52.532380000000124,0.0,84.07448678590963,0.0
2025-03-31 15:00:00-04:00,49.26238000000013,78.02229355992407,52.532380000000124,-3.269999999999996,84.07448678590963,-6.052193225985562
2025-04-01 11:00:00-04:00,50.51220000000013,80.22229355992407,52.532380000000124,-2.0201799999999963,84.07448678590963,-3.852193225985559
2025-04-02 11:00:00-04:00,51.78776000000013,82.42229355992407,52.532380000000124,-0.7446199999999976,84.07448678590963,-1.652193225985556
2025-04-03 15:00:00-04:00,48.98776000000012,77.14922388007473,52.532380000000124,-3.544620000000002,84.07448678590963,-6.925262905834899
2025-04-04 15:00:00-04:00,43.727760000000124,65.8007880656195,52.532380000000124,-8.80462,84.07448678590963,-18.273698720290128
2025-04-07 10:00:00-04:00,44.59082000000012,68.00078806561949,52.532380000000124,-7.941560000000003,84.07448678590963,-16.07369872029014
2025-04-08 15:00:00-04:00,37.460820000000126,52.52769778784172,52.532380000000124,-15.071559999999998,84.07448678590963,-31.54678899806791
2025-04-09 10:00:00-04:00,38.348960000000126,54.72769778784172,52.532380000000124,-14.183419999999998,84.07448678590963,-29.346788998067908
2025-04-10 11:00:00-04:00,39.396820000000126,56.92769778784172,52.532380000000124,-13.135559999999998,84.07448678590963,-27.146788998067905
2025-04-11 12:00:00-04:00,40.42642000000013,59.127697787841726,52.532380000000124,-12.105959999999996,84.07448678590963,-24.946788998067902
2025-04-14 11:00:00-04:00,41.53632000000013,61.32769778784173,52.532380000000124,-10.996059999999993,84.07448678590963,-22.7467889980679
2025-04-15 15:00:00-04:00,40.67632000000013,59.62910011847574,52.532380000000124,-11.856059999999992,84.07448678590963,-24.445386667433887
2025-04-16 13:00:00-04:00,41.69646000000013,61.829100118475736,52.532380000000124,-10.835919999999994,84.07448678590963,-22.24538666743389
2025-04-17 10:00:00-04:00,42.70560000000013,64.02910011847574,52.532380000000124,-9.826779999999992,84.07448678590963,-20.04538666743389
2025-04-21 11:00:00-04:00,43.63818000000013,66.22910011847574,52.532380000000124,-8.89419999999999,84.07448678590963,-17.845386667433885
2025-04-22 11:00:00-04:00,44.60970000000013,68.42910011847574,52.532380000000124,-7.922679999999993,84.07448678590963,-15.645386667433883
2025-04-23 15:00:00-04:00,42.58970000000013,64.39635905239469,52.532380000000124,-9.942679999999996,84.07448678590963,-19.67812773351494
2025-04-24 11:00:00-04:00,43.691680000000126,66.59635905239467,52.532380000000124,-8.840699999999998,84.07448678590963,-17.478127733514953
2025-04-25 15:00:00-04:00,41.511680000000126,62.37890886860671,52.532380000000124,-11.020699999999998,84.07448678590963,-21.69557791730292
2025-04-28 11:00:00-04:00,42.68538000000013,64.57890886860672,52.532380000000124,-9.846999999999994,84.07448678590963,-19.49557791730291
2025-04-29 13:00:00-04:00,43.865460000000134,66.77890886860672,52.532380000000124,-8.66691999999999,84.07448678590963,-17.295577917302907
2025-04-30 15:00:00-04:00,39.48546000000014,58.09704563768503,52.532380000000124,-13.046919999999986,84.07448678590963,-25.9774411482246
2025-05-01 15:00:00-04:00,39.45546000000014,58.044182201561675,52.532380000000124,-13.076919999999987,84.07448678590963,-26.030304584347952
2025-05-02 15:00:00-04:00,38.47546000000013,56.36810900163008,52.532380000000124,-14.056919999999991,84.07448678590963,-27.706377784279546
2025-05-05 15:00:00-04:00,38.56546000000014,56.52250941336452,52.532380000000124,-13.966919999999988,84.07448678590963,-27.55197737254511
2025-05-06 15:00:00-04:00,37.56546000000014,54.72814372163654,52.532380000000124,-14.966919999999988,84.07448678590963,-29.346343064273086
2025-05-07 15:00:00-04:00,37.685460000000134,54.937604360491484,52.532380000000124,-14.84691999999999,84.07448678590963,-29.136882425418143
2025-05-08 15:00:00-04:00,37.185460000000134,54.08465314930076,52.532380000000124,-15.34691999999999,84.07448678590963,-29.989833636608864
2025-05-09 15:00:00-04:00,36.13546000000014,52.33611026836821,52.532380000000124,-16.396919999999987,84.07448678590963,-31.73837651754142
2025-05-12 15:00:00-04:00,34.715460000000135,50.141365291552134,52.532380000000124,-17.81691999999999,84.07448678590963,-33.93312149435749
2025-05-13 11:00:00-04:00,36.20706000000014,52.341365291552144,52.532380000000124,-16.325319999999984,84.07448678590963,-31.733121494357484
2025-05-14 15:00:00-04:00,36.82706000000013,53.23012675944204,52.532380000000124,-15.705319999999993,84.07448678590963,-30.84436002646759
2025-05-15 15:00:00-04:00,35.667060000000134,51.55937924395882,52.532380000000124,-16.86531999999999,84.07448678590963,-32.515107541950805
2025-05-16 15:00:00-04:00,35.067060000000126,50.71251968150292,52.532380000000124,-17.46532,84.07448678590963,-33.36196710440671
2025-05-19 13:00:00-04:00,36.60684000000013,52.91251968150293,52.532380000000124,-15.925539999999991,84.07448678590963,-31.1619671044067
2025-05-20 15:00:00-04:00,36.11684000000014,52.21639807331996,52.532380000000124,-16.415539999999986,84.07448678590963,-31.85808871258967
2025-05-21 11:00:00-04:00,37.66080000000014,54.416398073319954,52.532380000000124,-14.871579999999987,84.07448678590963,-29.658088712589674
2025-05-22 15:00:00-04:00,36.66080000000014,52.97298005946314,52.532380000000124,-15.871579999999987,84.07448678590963,-31.101506726446488
2025-05-23 13:00:00-04:00,38.10114000000014,55.17298005946315,52.532380000000124,-14.431239999999981,84.07448678590963,-28.901506726446478
2025-05-27 12:00:00-04:00,39.626400000000146,57.37298005946315,52.532380000000124,-12.905979999999978,84.07448678590963,-26.701506726446475
2025-05-28 15:00:00-04:00,40.55640000000015,58.68376230047796,52.532380000000124,-11.975979999999971,84.07448678590963,-25.39072448543167
2025-05-29 11:00:00-04:00,42.12874000000015,60.883762300477954,52.532380000000124,-10.403639999999974,84.07448678590963,-23.190724485431673
2025-05-30 12:00:00-04:00,43.64476000000015,63.08376230047795,52.532380000000124,-8.887619999999977,84.07448678590963,-20.990724485431677
2025-06-02 13:00:00-04:00,45.17244000000015,65.28376230047796,52.532380000000124,-7.359939999999973,84.07448678590963,-18.790724485431667
2025-06-03 13:00:00-04:00,46.76084000000016,67.48376230047796,52.532380000000124,-5.771539999999966,84.07448678590963,-16.590724485431664
2025-06-04 15:00:00-04:00,46.800840000000164,67.5379408186955,52.532380000000124,-5.73153999999996,84.07448678590963,-16.536545967214124
2025-06-05 15:00:00-04:00,48.41894000000016,69.7379408186955,52.532380000000124,-4.113439999999962,84.07448678590963,-14.336545967214121
2025-06-06 15:00:00-04:00,47.90894000000016,69.05520989500071,52.532380000000124,-4.623439999999967,84.07448678590963,-15.019276890908912
2025-06-09 15:00:00-04:00,47.54894000000016,68.57003469284439,52.532380000000124,-4.983439999999966,84.07448678590963,-15.50445209306524
2025-06-10 15:00:00-04:00,48.628940000000156,70.01118761518225,52.532380000000124,-3.903439999999968,84.07448678590963,-14.063299170727376
2025-06-11 14:00:00-04:00,50.305560000000156,72.21118761518225,52.532380000000124,-2.226819999999968,84.07448678590963,-11.863299170727373
2025-06-12 15:00:00-04:00,51.09556000000016,73.26578646713794,52.532380000000124,-1.4368199999999618,84.07448678590963,-10.808700318771685
2025-06-13 15:00:00-04:00,50.32556000000015,72.21873724222631,52.532380000000124,-2.206819999999972,84.07448678590963,-11.855749543683316
2025-06-16 15:00:00-04:00,50.555560000000156,72.52309082168907,52.532380000000124,-1.976819999999968,84.07448678590963,-11.55139596422056
2025-06-17 15:00:00-04:00,49.10556000000015,70.58924179528202,52.532380000000124,-3.426819999999971,84.07448678590963,-13.485244990627606
2025-06-18 15:00:00-04:00,48.535560000000146,69.81928367019759,52.532380000000124,-3.9968199999999783,84.07448678590963,-14.255203115712035
2025-06-20 10:00:00-04:00,50.16840000000015,72.0192836701976,52.532380000000124,-2.3639799999999767,84.07448678590963,-12.055203115712033
2025-06-23 15:00:00-04:00,51.78078000000015,74.2192836701976,52.532380000000124,-0.751599999999975,84.07448678590963,-9.85520311571203
2025-06-24 15:00:00-04:00,52.92078000000015,75.70057265148658,52.92078000000015,0.0,84.07448678590963,-8.373914134423046
2025-06-25 15:00:00-04:00,52.27078000000016,74.87913956668942,52.92078000000015,-0.6499999999999915,84.07448678590963,-9.19534721922021
2025-06-26 15:00:00-04:00,50.95078000000015,73.21499433219621,52.92078000000015,-1.9699999999999989,84.07448678590963,-10.859492453713415
2025-06-27 15:00:00-04:00,50.770780000000144,72.99451417541032,52.92078000000015,-2.1500000000000057,84.07448678590963,-11.079972610499311
2025-06-30 15:00:00-04:00,50.11078000000013,72.19276490427328,52.92078000000015,-2.8100000000000165,84.07448678590963,-11.881721881636352
2025-07-01 15:00:00-04:00,48.750780000000134,70.53846494076518,52.92078000000015,-4.170000000000016,84.07448678590963,-13.536021845144447
2025-07-02 15:00:00-04:00,50.22078000000013,72.3526078507985,52.92078000000015,-2.700000000000017,84.07448678590963,-11.721878935111121
2025-07-03 12:00:00-04:00,50.84078000000012,73.08894989355385,52.92078000000015,-2.0800000000000267,84.07448678590963,-10.985536892355782
2025-07-07 15:00:00-04:00,50.120780000000124,72.2281177558207,52.92078000000015,-2.8000000000000256,84.07448678590963,-11.846369030088923
2025-07-08 15:00:00-04:00,50.05078000000012,72.14371939556027,52.92078000000015,-2.870000000000033,84.07448678590963,-11.93076739034936
2025-07-09 15:00:00-04:00,49.70078000000011,71.73253518503394,52.92078000000015,-3.2200000000000415,84.07448678590963,-12.341951600875689
2025-07-10 15:00:00-04:00,49.11078000000012,71.02839387938889,52.92078000000015,-3.8100000000000307,84.07448678590963,-13.046092906520741
2025-07-11 15:00:00-04:00,48.990780000000115,70.88526410839651,52.92078000000015,-3.9300000000000352,84.07448678590963,-13.189222677513115
2025-07-14 15:00:00-04:00,47.69078000000012,69.32445248635305,52.92078000000015,-5.230000000000032,84.07448678590963,-14.750034299556575
2025-07-15 15:00:00-04:00,48.660780000000116,70.45525220656755,52.92078000000015,-4.2600000000000335,84.07448678590963,-13.619234579342077
2025-07-16 15:00:00-04:00,47.50078000000012,69.07298337911284,52.92078000000015,-5.42000000000003,84.07448678590963,-15.001503406796786
2025-07-17 15:00:00-04:00,48.660780000000116,70.42307648898249,52.92078000000015,-4.2600000000000335,84.07448678590963,-13.65141029692714
2025-07-18 15:00:00-04:00,49.05078000000012,70.87058079190848,52.92078000000015,-3.870000000000033,84.07448678590963,-13.203905994001147
2025-07-21 15:00:00-04:00,48.71078000000011,70.48609588859512,52.92078000000015,-4.210000000000036,84.07448678590963,-13.588390897314511
2025-07-22 15:00:00-04:00,47.84078000000011,69.4723461799025,52.92078000000015,-5.080000000000041,84.07448678590963,-14.602140606007126
2025-07-23 15:00:00-04:00,46.110780000000105,67.46375451613842,52.92078000000015,-6.810000000000045,84.07448678590963,-16.610732269771205
2025-07-24 15:00:00-04:00,46.03078000000011,67.37318506068728,52.92078000000015,-6.890000000000043,84.07448678590963,-16.70130172522235
2025-07-25 15:00:00-04:00,46.330780000000104,67.71163271411687,52.92078000000015,-6.590000000000046,84.07448678590963,-16.362854071792754
2025-07-28 15:00:00-04:00,46.000780000000105,67.34545428535523,52.92078000000015,-6.920000000000044,84.07448678590963,-16.729032500554396
2025-07-29 15:00:00-04:00,47.54078000000011,69.03962370229694,52.92078000000015,-5.380000000000038,84.07448678590963,-15.034863083612692
2025-07-30 15:00:00-04:00,47.520780000000116,69.01732218579382,52.92078000000015,-5.400000000000034,84.07448678590963,-15.057164600115811
2025-07-31 11:00:00-04:00,49.54104000000012,71.21732218579382,52.92078000000015,-3.3797400000000266,84.07448678590963,-12.857164600115809
2025-08-01 15:00:00-04:00,49.53104000000013,71.20525945961771,52.92078000000015,-3.3897400000000175,84.07448678590963,-12.86922732629192
2025-08-04 15:00:00-04:00,50.14104000000013,71.90745814731196,52.92078000000015,-2.779740000000018,84.07448678590963,-12.167028638597671
2025-08-05 15:00:00-04:00,47.37104000000012,68.77397398441602,52.92078000000015,-5.549740000000028,84.07448678590963,-15.30051280149361
2025-08-06 11:00:00-04:00,49.27140000000013,70.97397398441602,52.92078000000015,-3.649380000000022,84.07448678590963,-13.100512801493608
2025-08-07 15:00:00-04:00,47.541400000000124,69.0828502415214,52.92078000000015,-5.379380000000026,84.07448678590963,-14.991636544388228
2025-08-08 15:00:00-04:00,48.34140000000012,69.95841114772693,52.92078000000015,-4.579380000000029,84.07448678590963,-14.116075638182693
2025-08-11 15:00:00-04:00,47.101400000000126,68.6185948322218,52.92078000000015,-5.819380000000024,84.07448678590963,-15.455891953687825
2025-08-12 15:00:00-04:00,43.87140000000012,65.08854018741306,52.92078000000015,-9.049380000000028,84.07448678590963,-18.985946598496568
2025-08-13 15:00:00-04:00,44.73140000000012,65.98699401106538,52.92078000000015,-8.189380000000028,84.07448678590963,-18.08749277484425
2025-08-14 15:00:00-04:00,44.56140000000012,65.80761235020223,52.92078000000015,-8.35938000000003,84.07448678590963,-18.266874435707393
2025-08-15 15:00:00-04:00,44.581400000000116,65.82906007138186,52.92078000000015,-8.339380000000034,84.07448678590963,-18.245426714527767
2025-08-18 15:00:00-04:00,44.01140000000011,65.21330982832255,52.92078000000015,-8.909380000000041,84.07448678590963,-18.861176957587077
2025-08-19 12:00:00-04:00,46.03034000000011,67.41330982832255,52.92078000000015,-6.890440000000041,84.07448678590963,-16.661176957587074
2025-08-20 15:00:00-04:00,44.300340000000105,65.40051168986996,52.92078000000015,-8.620440000000045,84.07448678590963,-18.67397509603967
2025-08-21 15:00:00-04:00,43.9603400000001,65.0058053977873,52.92078000000015,-8.960440000000048,84.07448678590963,-19.06868138812233
2025-08-22 10:00:00-04:00,45.8752200000001,67.2058053977873,52.92078000000015,-7.045560000000052,84.07448678590963,-16.868681388122326
2025-08-25 15:00:00-04:00,45.585220000000106,66.88315297233115,52.92078000000015,-7.335560000000044,84.07448678590963,-17.19133381357848
2025-08-26 15:00:00-04:00,46.6052200000001,68.02141879087817,52.92078000000015,-6.315560000000048,84.07448678590963,-16.053067995031455
2025-08-27 15:00:00-04:00,45.63522000000009,66.944478633223,52.92078000000015,-7.285560000000061,84.07448678590963,-17.130008152686628
2025-08-28 15:00:00-04:00,43.88522000000009,65.01992128141391,52.92078000000015,-9.03556000000006,84.07448678590963,-19.054565504495713
2025-08-29 15:00:00-04:00,44.48522000000008,65.687478023737,52.92078000000015,-8.435560000000066,84.07448678590963,-18.387008762172627
2025-09-02 15:00:00-04:00,44.94522000000008,66.21853320729737,52.92078000000015,-7.975560000000073,84.07448678590963,-17.855953578612258
2025-09-03 15:00:00-04:00,44.22522000000008,65.40350037958625,52.92078000000015,-8.695560000000071,84.07448678590963,-18.67098640632338
2025-09-04 15:00:00-04:00,42.05522000000008,62.97484900857337,52.92078000000015,-10.865560000000073,84.07448678590963,-21.099637777336255
2025-09-05 10:00:00-04:00,44.116400000000084,65.17484900857337,52.92078000000015,-8.804380000000066,84.07448678590963,-18.899637777336252
2025-09-08 15:00:00-04:00,43.60640000000008,64.63009361442683,52.92078000000015,-9.314380000000071,84.07448678590963,-19.4443931714828
2025-09-09 15:00:00-04:00,42.97640000000008,63.95456284024712,52.92078000000015,-9.944380000000066,84.07448678590963,-20.119923945662507
2025-09-10 15:00:00-04:00,43.63640000000008,64.65194238378051,52.92078000000015,-9.28438000000007,84.07448678590963,-19.42254440212912
2025-09-11 15:00:00-04:00,44.006400000000085,65.0405570250997,52.92078000000015,-8.914380000000065,84.07448678590963,-19.033929760809926
2025-09-12 15:00:00-04:00,44.74640000000008,65.81114954826954,52.92078000000015,-8.17438000000007,84.07448678590963,-18.263337237640087
2025-09-15 15:00:00-04:00,45.35640000000008,66.42962262948215,52.92078000000015,-7.564380000000071,84.07448678590963,-17.644864156427474
2025-09-16 15:00:00-04:00,45.47640000000007,66.55077356335393,52.92078000000015,-7.444380000000081,84.07448678590963,-17.5237132225557
2025-09-17 14:00:00-04:00,47.639880000000076,68.75077356335393,52.92078000000015,-5.280900000000074,84.07448678590963,-15.323713222555696
2025-09-18 15:00:00-04:00,47.65988000000007,68.77058142707583,52.92078000000015,-5.260900000000078,84.07448678590963,-15.303905358833802
2025-09-19 15:00:00-04:00,48.479880000000065,69.57316535582203,52.92078000000015,-4.4409000000000844,84.07448678590963,-14.5013214300876
2025-09-22 15:00:00-04:00,50.059880000000064,71.10446987220116,52.92078000000015,-2.860900000000086,84.07448678590963,-12.970016913708463
2025-09-23 15:00:00-04:00,51.479880000000065,72.46972321322606,52.92078000000015,-1.4409000000000844,84.07448678590963,-11.604763572683567
2025-09-24 12:00:00-04:00,53.732460000000074,74.66972321322606,53.732460000000074,0.0,84.07448678590963,-9.404763572683564
2025-09-25 11:00:00-04:00,50.97246000000007,71.84994389160775,53.732460000000074,-2.760000000000005,84.07448678590963,-12.224542894301877
