ticker,side,date,entry_time,exit_time,entry,exit,pnl,pnl_pct,cum_pnl,cum_pnl_pct
TQQQ,buy,2023-09-27,2023-09-27 09:30:00-04:00,2023-09-27 15:00:00-04:00,34.87,34.73,-0.14000000000000057,-0.40149125322627066,-0.14000000000000057,-0.40149125322627066
TQQQ,buy,2023-09-28,2023-09-28 09:30:00-04:00,2023-09-28 11:00:00-04:00,34.74,35.50428,0.7642799999999994,2.199999999999998,0.6242799999999988,1.7985087467737273
TQQQ,buy,2023-09-29,2023-09-29 09:30:00-04:00,2023-09-29 15:00:00-04:00,36.8,35.63,-1.1699999999999946,-3.1793478260869423,-0.5457199999999958,-1.380839079313215
TQQQ,buy,2023-10-02,2023-10-02 09:30:00-04:00,2023-10-02 11:00:00-04:00,36.0,36.792,0.7920000000000016,2.200000000000004,0.24628000000000583,0.8191609206867891
TQQQ,buy,2023-10-03,2023-10-03 09:30:00-04:00,2023-10-03 15:00:00-04:00,36.22,34.54,-1.6799999999999997,-4.638321369409166,-1.4337199999999939,-3.8191604487223767
TQQQ,buy,2023-10-04,2023-10-04 09:30:00-04:00,2023-10-04 15:00:00-04:00,35.12,35.89264,0.7726400000000027,2.2000000000000077,-0.6610799999999912,-1.619160448722369
TQQQ,sell,2023-10-05,2023-10-05 09:30:00-04:00,2023-10-05 10:00:00-04:00,35.36,34.58208,0.7779200000000017,2.200000000000005,0.11684000000001049,0.5808395512776361
TQQQ,buy,2023-10-06,2023-10-06 09:30:00-04:00,2023-10-06 10:00:00-04:00,34.83,35.59626,0.7662600000000026,2.2000000000000073,0.8831000000000131,2.7808395512776434
TQQQ,buy,2023-10-09,2023-10-09 09:30:00-04:00,2023-10-09 13:00:00-04:00,36.92,37.732240000000004,0.8122400000000027,2.2000000000000073,1.6953400000000158,4.980839551277651
TQQQ,buy,2023-10-10,2023-10-10 09:30:00-04:00,2023-10-10 11:00:00-04:00,38.31,39.152820000000006,0.8428200000000032,2.200000000000008,2.538160000000019,7.180839551277659
TQQQ,buy,2023-10-11,2023-10-11 09:30:00-04:00,2023-10-11 15:00:00-04:00,38.97,39.34,0.37000000000000455,0.9494482935591597,2.9081600000000236,8.130287844836818
TQQQ,sell,2023-10-12,2023-10-12 09:30:00-04:00,2023-10-12 14:00:00-04:00,39.42,38.55276,0.8672400000000025,2.200000000000006,3.775400000000026,10.330287844836825
TQQQ,buy,2023-10-13,2023-10-13 09:30:00-04:00,2023-10-13 15:00:00-04:00,39.1,37.41,-1.6900000000000048,-4.322250639386201,2.0854000000000212,6.0080372054506235
TQQQ,buy,2023-10-16,2023-10-16 09:30:00-04:00,2023-10-16 15:00:00-04:00,38.19,38.69,0.5,1.3092432573972244,2.5854000000000212,7.317280462847847
TQQQ,sell,2023-10-17,2023-10-17 09:30:00-04:00,2023-10-17 15:00:00-04:00,37.08,38.3,-1.2199999999999989,-3.290183387270763,1.3654000000000224,4.0270970755770845
TQQQ,buy,2023-10-18,2023-10-18 09:30:00-04:00,2023-10-18 15:00:00-04:00,37.73,36.67,-1.0599999999999952,-2.8094354624966744,0.3054000000000272,1.21766161308041
TQQQ,sell,2023-10-19,2023-10-19 09:30:00-04:00,2023-10-19 12:00:00-04:00,36.94,36.12732,0.8126800000000003,2.200000000000001,1.1180800000000275,3.417661613080411
TQQQ,sell,2023-10-20,2023-10-20 09:30:00-04:00,2023-10-20 10:00:00-04:00,35.35,34.5723,0.777700000000003,2.200000000000008,1.8957800000000304,5.617661613080419
TQQQ,buy,2023-10-23,2023-10-23 09:30:00-04:00,2023-10-23 11:00:00-04:00,33.91,34.65602,0.7460200000000015,2.200000000000004,2.641800000000032,7.817661613080423
TQQQ,buy,2023-10-24,2023-10-24 09:30:00-04:00,2023-10-24 15:00:00-04:00,35.23,35.37,0.14000000000000057,0.39738858927050974,2.7818000000000325,8.215050202350932
TQQQ,sell,2023-10-25,2023-10-25 09:30:00-04:00,2023-10-25 12:00:00-04:00,34.0,33.252,0.7479999999999976,2.199999999999993,3.52980000000003,10.415050202350926
TQQQ,sell,2023-10-26,2023-10-26 09:30:00-04:00,2023-10-26 11:00:00-04:00,31.77,31.07106,0.6989400000000003,2.200000000000001,4.22874000000003,12.615050202350927
TQQQ,buy,2023-10-27,2023-10-27 09:30:00-04:00,2023-10-27 15:00:00-04:00,31.71,31.31,-0.40000000000000213,-1.2614317250078908,3.8287400000000282,11.353618477343037
TQQQ,buy,2023-10-30,2023-10-30 09:30:00-04:00,2023-10-30 15:00:00-04:00,32.51,32.31,-0.19999999999999574,-0.6151953245155206,3.6287400000000325,10.738423152827517
TQQQ,sell,2023-10-31,2023-10-31 09:30:00-04:00,2023-10-31 15:00:00-04:00,31.79,32.79,-1.0,-3.1456432840515887,2.6287400000000325,7.592779868775928
TQQQ,buy,2023-11-01,2023-11-01 09:30:00-04:00,2023-11-01 14:00:00-04:00,33.2,33.930400000000006,0.730400000000003,2.200000000000009,3.3591400000000355,9.792779868775938
TQQQ,sell,2023-11-02,2023-11-02 09:30:00-04:00,2023-11-02 15:00:00-04:00,35.73,36.32,-0.5900000000000034,-1.6512734396865476,2.769140000000032,8.14150642908939
TQQQ,buy,2023-11-03,2023-11-03 09:30:00-04:00,2023-11-03 15:00:00-04:00,37.23,37.6,0.37000000000000455,0.9938221864088224,3.1391400000000367,9.135328615498212
TQQQ,buy,2023-11-06,2023-11-06 09:30:00-05:00,2023-11-06 15:00:00-05:00,37.9,38.03,0.13000000000000256,0.3430079155672891,3.2691400000000392,9.478336531065501
TQQQ,buy,2023-11-07,2023-11-07 09:30:00-05:00,2023-11-07 15:00:00-05:00,38.53,39.1,0.5700000000000003,1.479366727225539,3.8391400000000395,10.95770325829104
TQQQ,buy,2023-11-08,2023-11-08 09:30:00-05:00,2023-11-08 15:00:00-05:00,39.22,39.17,-0.04999999999999716,-0.12748597654257307,3.7891400000000424,10.830217281748467
TQQQ,buy,2023-11-09,2023-11-09 09:30:00-05:00,2023-11-09 15:00:00-05:00,39.48,38.22,-1.259999999999998,-3.1914893617021227,2.5291400000000444,7.638727920046344
TQQQ,buy,2023-11-10,2023-11-10 09:30:00-05:00,2023-11-10 12:00:00-05:00,39.12,39.98064,0.8606400000000036,2.200000000000009,3.389780000000048,9.838727920046352
TQQQ,sell,2023-11-13,2023-11-13 09:30:00-05:00,2023-11-13 15:00:00-05:00,39.94,40.41,-0.46999999999999886,-1.1767651477215795,2.919780000000049,8.661962772324774
TQQQ,buy,2023-11-14,2023-11-14 09:30:00-05:00,2023-11-14 15:00:00-05:00,42.85,42.98,0.12999999999999545,0.30338389731620874,3.0497800000000446,8.965346669640983
TQQQ,sell,2023-11-15,2023-11-15 09:30:00-05:00,2023-11-15 15:00:00-05:00,43.3,43.07,0.22999999999999687,0.5311778290993,3.2797800000000414,9.496524498740284
TQQQ,buy,2023-11-16,2023-11-16 09:30:00-05:00,2023-11-16 15:00:00-05:00,43.08,43.14,0.060000000000002274,0.13927576601671837,3.3397800000000437,9.635800264757002
TQQQ,buy,2023-11-17,2023-11-17 09:30:00-05:00,2023-11-17 15:00:00-05:00,42.96,43.16,0.19999999999999574,0.46554934823090255,3.5397800000000395,10.101349612987905
TQQQ,buy,2023-11-20,2023-11-20 09:30:00-05:00,2023-11-20 15:00:00-05:00,43.96,44.92712,0.9671200000000013,2.200000000000003,4.506900000000041,12.301349612987908
TQQQ,sell,2023-11-21,2023-11-21 09:30:00-05:00,2023-11-21 15:00:00-05:00,43.87,43.89,-0.020000000000003126,-0.045589240939145494,4.486900000000038,12.255760372048762
TQQQ,sell,2023-11-22,2023-11-22 09:30:00-05:00,2023-11-22 15:00:00-05:00,44.55,44.39,0.1599999999999966,0.35914702581368485,4.646900000000034,12.614907397862448
TQQQ,sell,2023-11-24,2023-11-24 09:30:00-05:00,2023-11-24 12:00:00-05:00,44.23,44.19,0.03999999999999915,0.09043635541487487,4.686900000000033,12.705343753277322
TQQQ,buy,2023-11-27,2023-11-27 09:30:00-05:00,2023-11-27 15:00:00-05:00,44.07,44.05,-0.020000000000003126,-0.045382346267309116,4.66690000000003,12.659961407010012
TQQQ,sell,2023-11-28,2023-11-28 09:30:00-05:00,2023-11-28 15:00:00-05:00,43.74,44.4,-0.6599999999999966,-1.5089163237311307,4.006900000000034,11.151045083278882
TQQQ,buy,2023-11-29,2023-11-29 09:30:00-05:00,2023-11-29 15:00:00-05:00,45.63,44.23,-1.4000000000000057,-3.0681569143107725,2.606900000000028,8.08288816896811
TQQQ,sell,2023-11-30,2023-11-30 09:30:00-05:00,2023-11-30 13:00:00-05:00,43.84,42.87552,0.9644800000000018,2.200000000000004,3.5713800000000298,10.282888168968114
TQQQ,sell,2023-12-01,2023-12-01 09:30:00-05:00,2023-12-01 15:00:00-05:00,43.32,44.25,-0.9299999999999997,-2.1468144044321322,2.64138000000003,8.136073764535983
TQQQ,sell,2023-12-04,2023-12-04 09:30:00-05:00,2023-12-04 10:00:00-05:00,42.72,41.780159999999995,0.9398400000000038,2.200000000000009,3.581220000000034,10.336073764535993
TQQQ,buy,2023-12-05,2023-12-05 09:30:00-05:00,2023-12-05 15:00:00-05:00,42.85,43.3,0.44999999999999574,1.0501750291715186,4.03122000000003,11.38624879370751
TQQQ,sell,2023-12-06,2023-12-06 09:30:00-05:00,2023-12-06 15:00:00-05:00,43.61,42.65058,0.9594200000000015,2.2000000000000033,4.990640000000031,13.586248793707513
TQQQ,sell,2023-12-07,2023-12-07 09:30:00-05:00,2023-12-07 15:00:00-05:00,43.27,44.31,-1.0399999999999991,-2.403512826438639,3.950640000000032,11.182735967268874
TQQQ,buy,2023-12-08,2023-12-08 09:30:00-05:00,2023-12-08 10:00:00-05:00,43.99,44.95778,0.9677799999999976,2.199999999999995,4.9184200000000295,13.382735967268868
TQQQ,buy,2023-12-11,2023-12-11 09:30:00-05:00,2023-12-11 15:00:00-05:00,45.37,45.99,0.6200000000000045,1.3665417676879095,5.538420000000034,14.749277734956777
TQQQ,buy,2023-12-12,2023-12-12 09:30:00-05:00,2023-12-12 15:00:00-05:00,46.17,47.09,0.9200000000000017,1.9926359107645693,6.458420000000036,16.741913645721347
TQQQ,buy,2023-12-13,2023-12-13 09:30:00-05:00,2023-12-13 14:00:00-05:00,47.41,48.453019999999995,1.0430199999999985,2.199999999999997,7.501440000000034,18.941913645721343
TQQQ,buy,2023-12-14,2023-12-14 09:30:00-05:00,2023-12-14 15:00:00-05:00,49.48,48.66,-0.8200000000000003,-1.657235246564269,6.681440000000034,17.284678399157073
TQQQ,buy,2023-12-15,2023-12-15 09:30:00-05:00,2023-12-15 15:00:00-05:00,49.22,49.22,0.0,0.0,6.681440000000034,17.284678399157073
TQQQ,buy,2023-12-18,2023-12-18 09:30:00-05:00,2023-12-18 15:00:00-05:00,49.77,50.29,0.519999999999996,1.0448061080972393,7.20144000000003,18.329484507254314
TQQQ,buy,2023-12-19,2023-12-19 09:30:00-05:00,2023-12-19 15:00:00-05:00,50.66,51.02,0.36000000000000654,0.7106198183971705,7.561440000000037,19.040104325651484
TQQQ,buy,2023-12-20,2023-12-20 09:30:00-05:00,2023-12-20 15:00:00-05:00,50.77,48.48,-2.2900000000000063,-4.51053771912548,5.27144000000003,14.529566606526004
TQQQ,sell,2023-12-21,2023-12-21 09:30:00-05:00,2023-12-21 15:00:00-05:00,49.62,50.15,-0.5300000000000011,-1.0681176944780353,4.741440000000029,13.461448912047969
TQQQ,buy,2023-12-22,2023-12-22 09:30:00-05:00,2023-12-22 15:00:00-05:00,50.78,50.37,-0.4100000000000037,-0.8074044899566831,4.3314400000000255,12.654044422091285
TQQQ,buy,2023-12-26,2023-12-26 09:30:00-05:00,2023-12-26 15:00:00-05:00,50.93,51.26,0.3299999999999983,0.6479481641468648,4.661440000000024,13.30199258623815
TQQQ,buy,2023-12-27,2023-12-27 09:30:00-05:00,2023-12-27 15:00:00-05:00,51.55,51.55,0.0,0.0,4.661440000000024,13.30199258623815
TQQQ,sell,2023-12-28,2023-12-28 09:30:00-05:00,2023-12-28 15:00:00-05:00,51.7,51.38,0.3200000000000003,0.6189555125725343,4.981440000000024,13.920948098810683
TQQQ,buy,2023-12-29,2023-12-29 09:30:00-05:00,2023-12-29 15:00:00-05:00,51.43,50.71,-0.7199999999999989,-1.3999611121913258,4.261440000000025,12.520986986619357
TQQQ,sell,2024-01-02,2024-01-02 09:30:00-05:00,2024-01-02 15:00:00-05:00,48.5,47.433,1.0670000000000002,2.2,5.328440000000025,14.720986986619359
TQQQ,buy,2024-01-03,2024-01-03 09:30:00-05:00,2024-01-03 15:00:00-05:00,47.2,46.59,-0.6099999999999994,-1.292372881355931,4.718440000000026,13.428614105263428
TQQQ,buy,2024-01-04,2024-01-04 09:30:00-05:00,2024-01-04 11:00:00-05:00,45.94,46.95068,1.0106800000000007,2.2000000000000015,5.729120000000027,15.628614105263429
TQQQ,buy,2024-01-05,2024-01-05 09:30:00-05:00,2024-01-05 15:00:00-05:00,46.06,45.97,-0.09000000000000341,-0.19539730785932136,5.639120000000023,15.433216797404107
TQQQ,buy,2024-01-08,2024-01-08 09:30:00-05:00,2024-01-08 14:00:00-05:00,47.37,48.41214,1.0421400000000034,2.2000000000000073,6.681260000000027,17.633216797404113
TQQQ,buy,2024-01-09,2024-01-09 09:30:00-05:00,2024-01-09 11:00:00-05:00,48.0,49.056,1.0559999999999974,2.199999999999995,7.737260000000024,19.83321679740411
TQQQ,sell,2024-01-10,2024-01-10 09:30:00-05:00,2024-01-10 15:00:00-05:00,49.16,50.05,-0.8900000000000006,-1.8104149715215636,6.847260000000023,18.022801825882546
TQQQ,sell,2024-01-11,2024-01-11 09:30:00-05:00,2024-01-11 10:00:00-05:00,50.22,49.115159999999996,1.104840000000003,2.200000000000006,7.952100000000026,20.222801825882552
TQQQ,sell,2024-01-12,2024-01-12 09:30:00-05:00,2024-01-12 15:00:00-05:00,50.48,50.35,0.12999999999999545,0.25752773375593396,8.082100000000022,20.480329559638488
TQQQ,sell,2024-01-16,2024-01-16 09:30:00-05:00,2024-01-16 15:00:00-05:00,49.86,50.32,-0.46000000000000085,-0.9225832330525489,7.622100000000021,19.55774632658594
TQQQ,sell,2024-01-17,2024-01-17 09:30:00-05:00,2024-01-17 15:00:00-05:00,48.04,49.44,-1.3999999999999986,-2.914238134887591,6.222100000000022,16.64350819169835
TQQQ,buy,2024-01-18,2024-01-18 09:30:00-05:00,2024-01-18 15:00:00-05:00,50.86,51.57,0.7100000000000009,1.3959889893826207,6.932100000000023,18.039497181080968
TQQQ,buy,2024-01-19,2024-01-19 09:30:00-05:00,2024-01-19 13:00:00-05:00,52.51,53.66522,1.15522,2.1999999999999997,8.087320000000023,20.239497181080967
TQQQ,buy,2024-01-22,2024-01-22 09:30:00-05:00,2024-01-22 15:00:00-05:00,55.5,54.75,-0.75,-1.3513513513513513,7.337320000000023,18.888145829729616
TQQQ,sell,2024-01-23,2024-01-23 09:30:00-05:00,2024-01-23 15:00:00-05:00,54.88,55.39,-0.509999999999998,-0.9293002915451858,6.827320000000025,17.95884553818443
TQQQ,sell,2024-01-24,2024-01-24 09:30:00-05:00,2024-01-24 15:00:00-05:00,56.73,56.31,0.4199999999999946,0.7403490216816405,7.24732000000002,18.699194559866072
TQQQ,sell,2024-01-25,2024-01-25 09:30:00-05:00,2024-01-25 15:00:00-05:00,56.73,56.45,0.27999999999999403,0.4935660144544228,7.527320000000014,19.192760574320495
TQQQ,sell,2024-01-26,2024-01-26 09:30:00-05:00,2024-01-26 15:00:00-05:00,55.61,55.41,0.20000000000000284,0.35964754540550775,7.727320000000017,19.552408119726003
TQQQ,buy,2024-01-29,2024-01-29 09:30:00-05:00,2024-01-29 15:00:00-05:00,55.7,56.9254,1.2254000000000005,2.200000000000001,8.952720000000017,21.752408119726006
TQQQ,buy,2024-01-30,2024-01-30 09:30:00-05:00,2024-01-30 15:00:00-05:00,56.78,55.93,-0.8500000000000014,-1.4970059880239546,8.102720000000016,20.255402131702052
TQQQ,sell,2024-01-31,2024-01-31 09:30:00-05:00,2024-01-31 15:00:00-05:00,53.91,52.72398,1.1860199999999992,2.1999999999999984,9.288740000000015,22.45540213170205
TQQQ,sell,2024-02-01,2024-02-01 09:30:00-05:00,2024-02-01 15:00:00-05:00,53.27,54.53,-1.259999999999998,-2.3653088042049895,8.028740000000017,20.090093327497062
TQQQ,buy,2024-02-02,2024-02-02 09:30:00-05:00,2024-02-02 12:00:00-05:00,55.97,57.20134,1.231340000000003,2.2000000000000055,9.26008000000002,22.29009332749707
TQQQ,sell,2024-02-05,2024-02-05 09:30:00-05:00,2024-02-05 10:00:00-05:00,57.04,55.78512,1.25488,2.1999999999999997,10.51496000000002,24.490093327497068
TQQQ,sell,2024-02-06,2024-02-06 09:30:00-05:00,2024-02-06 15:00:00-05:00,56.54,56.61,-0.07000000000000028,-0.12380615493456011,10.44496000000002,24.366287172562508
TQQQ,sell,2024-02-07,2024-02-07 09:30:00-05:00,2024-02-07 15:00:00-05:00,57.43,58.33,-0.8999999999999986,-1.567125195890647,9.544960000000021,22.79916197667186
TQQQ,buy,2024-02-08,2024-02-08 09:30:00-05:00,2024-02-08 15:00:00-05:00,58.46,58.58,0.11999999999999744,0.20526855969893507,9.664960000000018,23.004430536370798
TQQQ,buy,2024-02-09,2024-02-09 09:30:00-05:00,2024-02-09 15:00:00-05:00,59.35,60.3,0.9499999999999957,1.6006739679865136,10.614960000000014,24.60510450435731
TQQQ,buy,2024-02-12,2024-02-12 09:30:00-05:00,2024-02-12 15:00:00-05:00,60.33,59.55,-0.7800000000000011,-1.2928891098955764,9.834960000000013,23.312215394461735
TQQQ,buy,2024-02-13,2024-02-13 09:30:00-05:00,2024-02-13 15:00:00-05:00,56.71,56.75,0.03999999999999915,0.07053429730206162,9.874960000000012,23.382749691763795
TQQQ,buy,2024-02-14,2024-02-14 09:30:00-05:00,2024-02-14 15:00:00-05:00,57.81,58.6,0.7899999999999991,1.3665455803494189,10.664960000000011,24.749295272113216
TQQQ,sell,2024-02-15,2024-02-15 09:30:00-05:00,2024-02-15 15:00:00-05:00,58.08,59.02,-0.9400000000000048,-1.6184573002754905,9.724960000000006,23.130837971837725
TQQQ,sell,2024-02-16,2024-02-16 09:30:00-05:00,2024-02-16 15:00:00-05:00,57.67,57.4,0.2700000000000031,0.4681810299982714,9.99496000000001,23.599019001835995
TQQQ,sell,2024-02-20,2024-02-20 09:30:00-05:00,2024-02-20 15:00:00-05:00,55.62,56.08,-0.46000000000000085,-0.8270406328658771,9.534960000000009,22.771978368970117
TQQQ,sell,2024-02-21,2024-02-21 09:30:00-05:00,2024-02-21 15:00:00-05:00,54.77,55.38,-0.6099999999999994,-1.1137484024100774,8.92496000000001,21.65822996656004
TQQQ,buy,2024-02-22,2024-02-22 09:30:00-05:00,2024-02-22 14:00:00-05:00,59.04,60.33888,1.298880000000004,2.200000000000007,10.223840000000013,23.858229966560046
TQQQ,sell,2024-02-23,2024-02-23 09:30:00-05:00,2024-02-23 11:00:00-05:00,60.56,59.22768,1.3323200000000028,2.2000000000000046,11.556160000000016,26.05822996656005
TQQQ,sell,2024-02-26,2024-02-26 09:30:00-05:00,2024-02-26 15:00:00-05:00,59.62,59.54,0.0799999999999983,0.13418316001341546,11.636160000000014,26.192413126573463
TQQQ,sell,2024-02-27,2024-02-27 09:30:00-05:00,2024-02-27 15:00:00-05:00,59.68,59.94,-0.259999999999998,-0.43565683646112263,11.376160000000016,25.75675629011234
TQQQ,sell,2024-02-28,2024-02-28 09:30:00-05:00,2024-02-28 15:00:00-05:00,58.75,58.95,-0.20000000000000284,-0.3404255319148985,11.176160000000014,25.41633075819744
TQQQ,buy,2024-02-29,2024-02-29 09:30:00-05:00,2024-02-29 15:00:00-05:00,60.31,60.43,0.11999999999999744,0.19897197811307815,11.296160000000011,25.615302736310518
TQQQ,buy,2024-03-01,2024-03-01 09:30:00-05:00,2024-03-01 12:00:00-05:00,61.13,62.47486000000001,1.3448600000000042,2.200000000000007,12.641020000000015,27.815302736310525
TQQQ,sell,2024-03-04,2024-03-04 09:30:00-05:00,2024-03-04 15:00:00-05:00,62.75,62.37,0.38000000000000256,0.6055776892430319,13.021020000000018,28.420880425553555
TQQQ,sell,2024-03-05,2024-03-05 09:30:00-05:00,2024-03-05 10:00:00-05:00,60.15,58.826699999999995,1.3233000000000033,2.2000000000000055,14.344320000000021,30.620880425553562
TQQQ,sell,2024-03-06,2024-03-06 09:30:00-05:00,2024-03-06 15:00:00-05:00,60.18,60.14,0.03999999999999915,0.0664672648720491,14.38432000000002,30.68734769042561
TQQQ,buy,2024-03-07,2024-03-07 09:30:00-05:00,2024-03-07 13:00:00-05:00,61.65,63.0063,1.3563000000000045,2.2000000000000073,15.740620000000025,32.88734769042562
TQQQ,buy,2024-03-08,2024-03-08 09:30:00-05:00,2024-03-08 15:00:00-05:00,63.63,60.04,-3.5900000000000034,-5.641992770705647,12.150620000000021,27.245354919719972
TQQQ,sell,2024-03-11,2024-03-11 09:30:00-04:00,2024-03-11 15:00:00-04:00,58.65,59.35,-0.7000000000000028,-1.1935208866155205,11.450620000000018,26.051834033104452
TQQQ,sell,2024-03-12,2024-03-12 09:30:00-04:00,2024-03-12 15:00:00-04:00,60.13,61.9,-1.769999999999996,-2.9436221520039845,9.680620000000022,23.108211881100466
TQQQ,sell,2024-03-13,2024-03-13 09:30:00-04:00,2024-03-13 15:00:00-04:00,60.55,60.42,0.12999999999999545,0.21469859620147888,9.810620000000018,23.322910477301946
TQQQ,sell,2024-03-14,2024-03-14 09:30:00-04:00,2024-03-14 15:00:00-04:00,59.55,59.94,-0.39000000000000057,-0.6549118387909331,9.420620000000017,22.667998638511012
TQQQ,sell,2024-03-15,2024-03-15 09:30:00-04:00,2024-03-15 15:00:00-04:00,58.15,57.75,0.3999999999999986,0.6878761822871859,9.820620000000016,23.3558748207982
TQQQ,buy,2024-03-18,2024-03-18 09:30:00-04:00,2024-03-18 15:00:00-04:00,59.93,59.37,-0.5600000000000023,-0.9344234940764263,9.260620000000014,22.421451326721773
TQQQ,sell,2024-03-19,2024-03-19 09:30:00-04:00,2024-03-19 15:00:00-04:00,58.05,59.82,-1.7700000000000031,-3.0490956072351474,7.4906200000000105,19.372355719486624
TQQQ,sell,2024-03-20,2024-03-20 09:30:00-04:00,2024-03-20 15:00:00-04:00,59.51,61.71,-2.200000000000003,-3.6968576709796723,5.290620000000008,15.675498048506952
TQQQ,sell,2024-03-21,2024-03-21 09:30:00-04:00,2024-03-21 15:00:00-04:00,63.36,62.47,0.8900000000000006,1.404671717171718,6.180620000000008,17.08016976567867
TQQQ,sell,2024-03-22,2024-03-22 09:30:00-04:00,2024-03-22 15:00:00-04:00,62.2,62.62,-0.4199999999999946,-0.6752411575562614,5.760620000000014,16.404928608122407
TQQQ,buy,2024-03-25,2024-03-25 09:30:00-04:00,2024-03-25 15:00:00-04:00,61.71,62.0,0.28999999999999915,0.4699400421325541,6.050620000000013,16.87486865025496
TQQQ,buy,2024-03-26,2024-03-26 09:30:00-04:00,2024-03-26 15:00:00-04:00,62.82,61.36,-1.4600000000000009,-2.3241006049028985,4.590620000000012,14.550768045352061
TQQQ,sell,2024-03-27,2024-03-27 09:30:00-04:00,2024-03-27 15:00:00-04:00,61.41,61.95,-0.5400000000000063,-0.8793356130923404,4.050620000000006,13.67143243225972
TQQQ,buy,2024-03-28,2024-03-28 09:30:00-04:00,2024-03-28 15:00:00-04:00,61.98,61.53,-0.44999999999999574,-0.7260406582768566,3.60062000000001,12.945391773982864
TQQQ,buy,2024-04-01,2024-04-01 09:30:00-04:00,2024-04-01 15:00:00-04:00,62.79,61.93,-0.8599999999999994,-1.3696448479057166,2.7406200000000105,11.575746926077148
TQQQ,sell,2024-04-02,2024-04-02 09:30:00-04:00,2024-04-02 15:00:00-04:00,59.54,60.28,-0.740000000000002,-1.242861941551901,2.0006200000000085,10.332884984525247
TQQQ,buy,2024-04-03,2024-04-03 09:30:00-04:00,2024-04-03 10:00:00-04:00,59.69,61.00318,1.3131800000000027,2.2000000000000046,3.313800000000011,12.532884984525252
TQQQ,sell,2024-04-04,2024-04-04 09:30:00-04:00,2024-04-04 14:00:00-04:00,62.12,60.753359999999994,1.3666400000000039,2.2000000000000064,4.680440000000015,14.732884984525258
TQQQ,buy,2024-04-05,2024-04-05 09:30:00-04:00,2024-04-05 11:00:00-04:00,59.05,60.3491,1.2991000000000028,2.2000000000000046,5.979540000000018,16.932884984525263
TQQQ,sell,2024-04-08,2024-04-08 09:30:00-04:00,2024-04-08 15:00:00-04:00,59.94,59.89,0.04999999999999716,0.08341675008341201,6.029540000000015,17.016301734608675
TQQQ,sell,2024-04-09,2024-04-09 09:30:00-04:00,2024-04-09 10:00:00-04:00,60.34,59.01252,1.3274800000000013,2.200000000000002,7.357020000000016,19.216301734608678
TQQQ,buy,2024-04-10,2024-04-10 09:30:00-04:00,2024-04-10 15:00:00-04:00,58.75,58.87,0.11999999999999744,0.20425531914893183,7.477020000000014,19.42055705375761
TQQQ,sell,2024-04-11,2024-04-11 09:30:00-04:00,2024-04-11 15:00:00-04:00,59.57,61.71,-2.1400000000000006,-3.592412288064463,5.337020000000013,15.828144765693146
TQQQ,buy,2024-04-12,2024-04-12 09:30:00-04:00,2024-04-12 15:00:00-04:00,60.3,58.72,-1.5799999999999983,-2.620232172470976,3.757020000000015,13.20791259322217
TQQQ,sell,2024-04-15,2024-04-15 09:30:00-04:00,2024-04-15 11:00:00-04:00,59.91,58.59197999999999,1.3180200000000042,2.2000000000000073,5.075040000000019,15.407912593222179
TQQQ,buy,2024-04-16,2024-04-16 09:30:00-04:00,2024-04-16 15:00:00-04:00,55.98,55.77,-0.20999999999999375,-0.3751339764201389,4.865040000000025,15.03277861680204
TQQQ,sell,2024-04-17,2024-04-17 09:30:00-04:00,2024-04-17 11:00:00-04:00,55.92,54.68976,1.230240000000002,2.2000000000000033,6.095280000000027,17.232778616802044
TQQQ,sell,2024-04-18,2024-04-18 09:30:00-04:00,2024-04-18 15:00:00-04:00,53.32,52.71,0.6099999999999994,1.1440360090022494,6.705280000000027,18.376814625804293
TQQQ,sell,2024-04-19,2024-04-19 09:30:00-04:00,2024-04-19 11:00:00-04:00,51.92,50.77776,1.142240000000001,2.200000000000002,7.847520000000028,20.576814625804296
TQQQ,sell,2024-04-22,2024-04-22 09:30:00-04:00,2024-04-22 11:00:00-04:00,50.33,49.222739999999995,1.1072600000000037,2.2000000000000073,8.954780000000031,22.776814625804302
TQQQ,buy,2024-04-23,2024-04-23 09:30:00-04:00,2024-04-23 13:00:00-04:00,52.25,53.3995,1.1495000000000033,2.2000000000000064,10.104280000000035,24.97681462580431
TQQQ,buy,2024-04-24,2024-04-24 09:30:00-04:00,2024-04-24 15:00:00-04:00,54.37,53.66,-0.7100000000000009,-1.3058672061798802,9.394280000000034,23.67094741962443
TQQQ,buy,2024-04-25,2024-04-25 09:30:00-04:00,2024-04-25 12:00:00-04:00,50.94,52.06068,1.1206800000000001,2.2,10.514960000000034,25.87094741962443
TQQQ,buy,2024-04-26,2024-04-26 09:30:00-04:00,2024-04-26 15:00:00-04:00,54.85,55.31,0.46000000000000085,0.8386508659981784,10.974960000000035,26.709598285622608
TQQQ,sell,2024-04-29,2024-04-29 09:30:00-04:00,2024-04-29 15:00:00-04:00,55.58,55.95,-0.37000000000000455,-0.6657070888809006,10.60496000000003,26.043891196741708
TQQQ,buy,2024-04-30,2024-04-30 09:30:00-04:00,2024-04-30 15:00:00-04:00,55.62,52.73,-2.8900000000000006,-5.1959726717008285,7.71496000000003,20.84791852504088
TQQQ,sell,2024-05-01,2024-05-01 09:30:00-04:00,2024-05-01 15:00:00-04:00,51.97,51.56,0.4099999999999966,0.788916682701552,8.124960000000026,21.63683520774243
TQQQ,sell,2024-05-02,2024-05-02 09:30:00-04:00,2024-05-02 15:00:00-04:00,52.19,53.52,-1.3300000000000054,-2.5483809158842794,6.794960000000021,19.08845429185815
TQQQ,buy,2024-05-03,2024-05-03 09:30:00-04:00,2024-05-03 15:00:00-04:00,56.71,56.72,0.00999999999999801,0.017633574325512276,6.804960000000019,19.10608786618366
TQQQ,buy,2024-05-06,2024-05-06 09:30:00-04:00,2024-05-06 15:00:00-04:00,57.75,58.6,0.8500000000000014,1.4718614718614744,7.65496000000002,20.577949338045133
TQQQ,sell,2024-05-07,2024-05-07 09:30:00-04:00,2024-05-07 15:00:00-04:00,58.54,58.56,-0.020000000000003126,-0.034164673727371246,7.634960000000017,20.543784664317762
TQQQ,buy,2024-05-08,2024-05-08 09:30:00-04:00,2024-05-08 15:00:00-04:00,58.31,58.46,0.14999999999999858,0.2572457554450327,7.784960000000016,20.801030419762796
TQQQ,sell,2024-05-09,2024-05-09 09:30:00-04:00,2024-05-09 15:00:00-04:00,58.22,58.77,-0.5500000000000043,-0.9446925455170119,7.234960000000012,19.856337874245785
TQQQ,buy,2024-05-10,2024-05-10 09:30:00-04:00,2024-05-10 15:00:00-04:00,59.87,59.16,-0.7100000000000009,-1.185902789376985,6.524960000000011,18.6704350848688
TQQQ,sell,2024-05-13,2024-05-13 09:30:00-04:00,2024-05-13 15:00:00-04:00,59.49,59.57,-0.0799999999999983,-0.1344763825853056,6.4449600000000125,18.535958702283494
TQQQ,buy,2024-05-14,2024-05-14 09:30:00-04:00,2024-05-14 15:00:00-04:00,59.53,60.83966,1.309660000000001,2.2000000000000015,7.754620000000013,20.735958702283497
TQQQ,sell,2024-05-15,2024-05-15 09:30:00-04:00,2024-05-15 15:00:00-04:00,61.42,63.49,-2.0700000000000003,-3.3702377075871057,5.684620000000013,17.365720994696392
TQQQ,buy,2024-05-16,2024-05-16 09:30:00-04:00,2024-05-16 15:00:00-04:00,63.68,63.08,-0.6000000000000014,-0.942211055276384,5.084620000000012,16.423509939420008
TQQQ,sell,2024-05-17,2024-05-17 09:30:00-04:00,2024-05-17 15:00:00-04:00,62.96,62.96,0.0,0.0,5.084620000000012,16.423509939420008
TQQQ,buy,2024-05-20,2024-05-20 09:30:00-04:00,2024-05-20 15:00:00-04:00,64.09,64.25,0.1599999999999966,0.24964893119050802,5.244620000000008,16.673158870610514
TQQQ,buy,2024-05-21,2024-05-21 09:30:00-04:00,2024-05-21 15:00:00-04:00,63.65,64.59,0.9400000000000048,1.4768263943440767,6.184620000000013,18.14998526495459
TQQQ,buy,2024-05-22,2024-05-22 09:30:00-04:00,2024-05-22 15:00:00-04:00,64.87,64.52,-0.3500000000000085,-0.5395406197009535,5.834620000000005,17.610444645253637
TQQQ,sell,2024-05-23,2024-05-23 09:30:00-04:00,2024-05-23 14:00:00-04:00,65.16,63.726479999999995,1.4335200000000015,2.2000000000000024,7.268140000000006,19.81044464525364
TQQQ,sell,2024-05-24,2024-05-24 09:30:00-04:00,2024-05-24 15:00:00-04:00,64.13,65.37,-1.240000000000009,-1.9335724309995466,6.028139999999997,17.876872214254092
TQQQ,sell,2024-05-28,2024-05-28 09:30:00-04:00,2024-05-28 15:00:00-04:00,65.27,66.09,-0.8200000000000074,-1.2563199019457751,5.2081399999999896,16.620552312308316
TQQQ,buy,2024-05-29,2024-05-29 09:30:00-04:00,2024-05-29 15:00:00-04:00,64.92,64.7,-0.21999999999999886,-0.33887861983980105,4.988139999999991,16.281673692468516
TQQQ,sell,2024-05-30,2024-05-30 09:30:00-04:00,2024-05-30 15:00:00-04:00,63.99,62.58222,1.4077800000000025,2.2000000000000037,6.395919999999993,18.48167369246852
TQQQ,sell,2024-05-31,2024-05-31 09:30:00-04:00,2024-05-31 10:00:00-04:00,62.01,60.645779999999995,1.364220000000003,2.200000000000005,7.760139999999996,20.681673692468525
TQQQ,sell,2024-06-03,2024-06-03 09:30:00-04:00,2024-06-03 12:00:00-04:00,63.33,61.93674,1.393259999999998,2.1999999999999966,9.153399999999994,22.88167369246852
TQQQ,sell,2024-06-04,2024-06-04 09:30:00-04:00,2024-06-04 15:00:00-04:00,62.62,63.6,-0.980000000000004,-1.5649952091983457,8.17339999999999,21.316678483270174
TQQQ,buy,2024-06-05,2024-06-05 09:30:00-04:00,2024-06-05 12:00:00-04:00,65.22,66.65484000000001,1.4348400000000083,2.2000000000000126,9.608239999999999,23.516678483270187
TQQQ,sell,2024-06-06,2024-06-06 09:30:00-04:00,2024-06-06 15:00:00-04:00,66.98,67.38,-0.3999999999999915,-0.5971931919975985,9.208240000000007,22.91948529127259
TQQQ,sell,2024-06-07,2024-06-07 09:30:00-04:00,2024-06-07 15:00:00-04:00,67.05,67.11,-0.060000000000002274,-0.08948545861297878,9.148240000000005,22.82999983265961
TQQQ,buy,2024-06-10,2024-06-10 09:30:00-04:00,2024-06-10 15:00:00-04:00,66.63,67.89,1.2600000000000051,1.8910400720396296,10.40824000000001,24.72103990469924
TQQQ,sell,2024-06-11,2024-06-11 09:30:00-04:00,2024-06-11 15:00:00-04:00,67.06,69.28,-2.219999999999999,-3.310468237399342,8.188240000000011,21.410571667299898
TQQQ,buy,2024-06-12,2024-06-12 09:30:00-04:00,2024-06-12 15:00:00-04:00,71.98,71.98,0.0,0.0,8.188240000000011,21.410571667299898
TQQQ,sell,2024-06-13,2024-06-13 09:30:00-04:00,2024-06-13 15:00:00-04:00,73.52,73.12,0.3999999999999915,0.5440696409140254,8.588240000000003,21.954641308213922
TQQQ,buy,2024-06-14,2024-06-14 09:30:00-04:00,2024-06-14 15:00:00-04:00,73.67,74.18,0.5100000000000051,0.6922763675851841,9.098240000000008,22.646917675799106
TQQQ,sell,2024-06-17,2024-06-17 09:30:00-04:00,2024-06-17 15:00:00-04:00,74.25,76.9,-2.6500000000000057,-3.5690235690235763,6.448240000000002,19.07789410677553
TQQQ,sell,2024-06-18,2024-06-18 09:30:00-04:00,2024-06-18 15:00:00-04:00,76.68,76.92,-0.23999999999999488,-0.3129890453834049,6.208240000000007,18.764905061392128
TQQQ,sell,2024-06-20,2024-06-20 09:30:00-04:00,2024-06-20 12:00:00-04:00,77.33,75.62874,1.7012600000000049,2.2000000000000064,7.909500000000012,20.964905061392134
TQQQ,sell,2024-06-21,2024-06-21 09:30:00-04:00,2024-06-21 15:00:00-04:00,74.18,74.36,-0.1799999999999926,-0.2426530062011224,7.729500000000019,20.72225205519101
TQQQ,buy,2024-06-24,2024-06-24 09:30:00-04:00,2024-06-24 15:00:00-04:00,74.07,71.84,-2.2299999999999898,-3.01066558660725,5.49950000000003,17.71158646858376
TQQQ,buy,2024-06-25,2024-06-25 09:30:00-04:00,2024-06-25 15:00:00-04:00,72.81,74.41182,1.6018200000000036,2.2000000000000046,7.101320000000033,19.911586468583764
TQQQ,buy,2024-06-26,2024-06-26 09:30:00-04:00,2024-06-26 15:00:00-04:00,74.09,74.46,0.36999999999999034,0.4993926305844113,7.4713200000000235,20.410979099168173
TQQQ,buy,2024-06-27,2024-06-27 09:30:00-04:00,2024-06-27 15:00:00-04:00,75.08,74.98,-0.09999999999999432,-0.1331912626531624,7.371320000000029,20.27778783651501
TQQQ,buy,2024-06-28,2024-06-28 09:30:00-04:00,2024-06-28 15:00:00-04:00,76.17,73.7,-2.469999999999999,-3.24274648811868,4.90132000000003,17.03504134839633
TQQQ,sell,2024-07-01,2024-07-01 09:30:00-04:00,2024-07-01 15:00:00-04:00,73.26,75.02,-1.759999999999991,-2.40240240240239,3.1413200000000394,14.63263894599394
TQQQ,buy,2024-07-02,2024-07-02 09:30:00-04:00,2024-07-02 13:00:00-04:00,75.19,76.84418,1.6541799999999967,2.1999999999999957,4.795500000000036,16.832638945993935
TQQQ,buy,2024-07-03,2024-07-03 09:30:00-04:00,2024-07-03 12:00:00-04:00,77.63,79.22,1.5900000000000034,2.048177251062738,6.3855000000000395,18.880816197056674
TQQQ,buy,2024-07-05,2024-07-05 09:30:00-04:00,2024-07-05 15:00:00-04:00,80.42,81.66,1.2399999999999949,1.5419049987565219,7.625500000000034,20.422721195813196
TQQQ,buy,2024-07-08,2024-07-08 09:30:00-04:00,2024-07-08 15:00:00-04:00,81.84,82.21,0.36999999999999034,0.4521016617790693,7.995500000000025,20.874822857592264
TQQQ,buy,2024-07-09,2024-07-09 09:30:00-04:00,2024-07-09 15:00:00-04:00,83.23,82.38,-0.8500000000000085,-1.021266370299181,7.145500000000016,19.853556487293083
TQQQ,buy,2024-07-10,2024-07-10 09:30:00-04:00,2024-07-10 15:00:00-04:00,83.38,84.94,1.5600000000000023,1.8709522667306338,8.705500000000018,21.724508754023717
TQQQ,sell,2024-07-11,2024-07-11 09:30:00-04:00,2024-07-11 10:00:00-04:00,84.64,82.77792,1.862080000000006,2.2000000000000073,10.567580000000024,23.924508754023723
TQQQ,buy,2024-07-12,2024-07-12 09:30:00-04:00,2024-07-12 13:00:00-04:00,80.67,82.44474000000001,1.7747400000000084,2.2000000000000104,12.342320000000033,26.124508754023733
TQQQ,buy,2024-07-15,2024-07-15 09:30:00-04:00,2024-07-15 11:00:00-04:00,81.67,83.46674,1.7967399999999998,2.1999999999999997,14.139060000000033,28.324508754023732
TQQQ,sell,2024-07-16,2024-07-16 09:30:00-04:00,2024-07-16 15:00:00-04:00,81.1,81.32,-0.21999999999999886,-0.27127003699136726,13.919060000000034,28.053238717032364
TQQQ,sell,2024-07-17,2024-07-17 09:30:00-04:00,2024-07-17 11:00:00-04:00,76.73,75.04194,1.6880600000000072,2.200000000000009,15.607120000000041,30.253238717032374
TQQQ,sell,2024-07-18,2024-07-18 09:30:00-04:00,2024-07-18 10:00:00-04:00,75.0,73.35,1.6500000000000057,2.2000000000000073,17.257120000000047,32.453238717032384
TQQQ,buy,2024-07-19,2024-07-19 09:30:00-04:00,2024-07-19 15:00:00-04:00,72.97,71.03,-1.9399999999999977,-2.6586268329450427,15.317120000000049,29.79461188408734
TQQQ,buy,2024-07-22,2024-07-22 09:30:00-04:00,2024-07-22 15:00:00-04:00,73.81,74.16,0.3499999999999943,0.47419048909361106,15.667120000000043,30.268802373180954
TQQQ,buy,2024-07-23,2024-07-23 09:30:00-04:00,2024-07-23 15:00:00-04:00,74.28,73.35,-0.9300000000000068,-1.2520193861066329,14.737120000000036,29.016782987074322
TQQQ,sell,2024-07-24,2024-07-24 09:30:00-04:00,2024-07-24 11:00:00-04:00,68.84,67.32552,1.514480000000006,2.2000000000000086,16.251600000000042,31.216782987074332
TQQQ,sell,2024-07-25,2024-07-25 09:30:00-04:00,2024-07-25 10:00:00-04:00,63.65,62.2497,1.4003000000000014,2.2000000000000024,17.651900000000044,33.416782987074335
TQQQ,sell,2024-07-26,2024-07-26 09:30:00-04:00,2024-07-26 15:00:00-04:00,64.69,65.15,-0.46000000000000796,-0.7110836296181913,17.191900000000036,32.70569935745614
TQQQ,buy,2024-07-29,2024-07-29 09:30:00-04:00,2024-07-29 15:00:00-04:00,66.99,65.46,-1.5300000000000011,-2.283922973578148,15.661900000000035,30.421776383877994
TQQQ,sell,2024-07-30,2024-07-30 09:30:00-04:00,2024-07-30 11:00:00-04:00,65.63,64.18614,1.4438600000000008,2.200000000000001,17.105760000000036,32.62177638387799
TQQQ,buy,2024-07-31,2024-07-31 09:30:00-04:00,2024-07-31 14:00:00-04:00,67.19,68.66817999999999,1.4781799999999947,2.199999999999992,18.58394000000003,34.82177638387799
TQQQ,buy,2024-08-01,2024-08-01 09:30:00-04:00,2024-08-01 15:00:00-04:00,69.85,63.33,-6.519999999999996,-9.334287759484605,12.063940000000034,25.487488624393386
TQQQ,sell,2024-08-02,2024-08-02 09:30:00-04:00,2024-08-02 10:00:00-04:00,58.87,57.574859999999994,1.2951400000000035,2.200000000000006,13.359080000000038,27.687488624393392
TQQQ,buy,2024-08-05,2024-08-05 09:30:00-04:00,2024-08-05 10:00:00-04:00,52.37,53.52214,1.1521400000000028,2.2000000000000055,14.51122000000004,29.8874886243934
TQQQ,buy,2024-08-06,2024-08-06 09:30:00-04:00,2024-08-06 10:00:00-04:00,54.71,55.91362,1.2036200000000008,2.200000000000001,15.714840000000041,32.0874886243934
TQQQ,buy,2024-08-07,2024-08-07 09:30:00-04:00,2024-08-07 15:00:00-04:00,58.17,53.18,-4.990000000000002,-8.578304968196667,10.72484000000004,23.509183656196733
TQQQ,sell,2024-08-08,2024-08-08 09:30:00-04:00,2024-08-08 15:00:00-04:00,55.28,58.06,-2.780000000000001,-5.028943560057889,7.944840000000038,18.480240096138843
TQQQ,sell,2024-08-09,2024-08-09 09:30:00-04:00,2024-08-09 15:00:00-04:00,57.25,58.92,-1.6700000000000017,-2.9170305676855928,6.274840000000037,15.56320952845325
TQQQ,sell,2024-08-12,2024-08-12 09:30:00-04:00,2024-08-12 15:00:00-04:00,58.27,59.27,-1.0,-1.716148961729878,5.274840000000037,13.847060566723371
TQQQ,buy,2024-08-13,2024-08-13 09:30:00-04:00,2024-08-13 12:00:00-04:00,61.68,63.03696,1.3569600000000008,2.200000000000001,6.631800000000037,16.047060566723374
TQQQ,sell,2024-08-14,2024-08-14 09:30:00-04:00,2024-08-14 15:00:00-04:00,62.9,63.67,-0.7700000000000031,-1.2241653418124057,5.861800000000034,14.822895224910969
TQQQ,buy,2024-08-15,2024-08-15 09:30:00-04:00,2024-08-15 15:00:00-04:00,67.21,68.48,1.2700000000000102,1.8895997619402027,7.1318000000000445,16.712494986851173
TQQQ,sell,2024-08-16,2024-08-16 09:30:00-04:00,2024-08-16 15:00:00-04:00,67.55,68.65,-1.1000000000000085,-1.6284233900814338,6.031800000000036,15.08407159676974
TQQQ,sell,2024-08-19,2024-08-19 09:30:00-04:00,2024-08-19 15:00:00-04:00,68.5,71.34,-2.8400000000000034,-4.145985401459859,3.1918000000000326,10.93808619530988
TQQQ,buy,2024-08-20,2024-08-20 09:30:00-04:00,2024-08-20 15:00:00-04:00,71.99,70.84,-1.1499999999999915,-1.5974440894568571,2.041800000000041,9.340642105853023
TQQQ,buy,2024-08-21,2024-08-21 09:30:00-04:00,2024-08-21 15:00:00-04:00,71.57,71.85,0.28000000000000114,0.3912253737599569,2.3218000000000423,9.73186747961298
TQQQ,sell,2024-08-22,2024-08-22 09:30:00-04:00,2024-08-22 11:00:00-04:00,72.64,71.04192,1.598079999999996,2.1999999999999944,3.9198800000000382,11.931867479612974
TQQQ,sell,2024-08-23,2024-08-23 09:30:00-04:00,2024-08-23 12:00:00-04:00,70.14,68.59692,1.5430800000000033,2.2000000000000046,5.462960000000042,14.131867479612978
TQQQ,sell,2024-08-26,2024-08-26 09:30:00-04:00,2024-08-26 10:00:00-04:00,69.82,68.28396,1.5360399999999998,2.1999999999999997,6.999000000000041,16.331867479612978
TQQQ,buy,2024-08-27,2024-08-27 09:30:00-04:00,2024-08-27 11:00:00-04:00,67.91,69.40402,1.4940200000000061,2.200000000000009,8.493020000000048,18.531867479612988
TQQQ,sell,2024-08-28,2024-08-28 09:30:00-04:00,2024-08-28 11:00:00-04:00,68.09,66.59202,1.4979799999999983,2.1999999999999975,9.991000000000046,20.731867479612987
TQQQ,buy,2024-08-29,2024-08-29 09:30:00-04:00,2024-08-29 15:00:00-04:00,68.96,66.34,-2.6199999999999903,-3.7993039443155316,7.3710000000000555,16.932563535297454
TQQQ,buy,2024-08-30,2024-08-30 09:30:00-04:00,2024-08-30 15:00:00-04:00,68.45,68.66,0.20999999999999375,0.3067932797662436,7.581000000000049,17.239356815063697
TQQQ,sell,2024-09-03,2024-09-03 09:30:00-04:00,2024-09-03 10:00:00-04:00,66.13,64.67514,1.4548599999999965,2.199999999999995,9.035860000000046,19.439356815063693
TQQQ,buy,2024-09-04,2024-09-04 09:30:00-04:00,2024-09-04 11:00:00-04:00,61.97,63.33334,1.3633400000000009,2.2000000000000015,10.399200000000047,21.639356815063696
TQQQ,buy,2024-09-05,2024-09-05 09:30:00-04:00,2024-09-05 15:00:00-04:00,62.77,62.01,-0.7600000000000051,-1.2107694758642744,9.639200000000042,20.42858733919942
TQQQ,sell,2024-09-06,2024-09-06 09:30:00-04:00,2024-09-06 10:00:00-04:00,59.81,58.49418,1.3158200000000022,2.2000000000000037,10.955020000000044,22.628587339199424
TQQQ,buy,2024-09-09,2024-09-09 09:30:00-04:00,2024-09-09 15:00:00-04:00,59.1,59.12,0.01999999999999602,0.03384094754652457,10.97502000000004,22.66242828674595
TQQQ,buy,2024-09-10,2024-09-10 09:30:00-04:00,2024-09-10 15:00:00-04:00,59.82,60.72,0.8999999999999986,1.5045135406218633,11.875020000000038,24.166941827367815
TQQQ,sell,2024-09-11,2024-09-11 09:30:00-04:00,2024-09-11 10:00:00-04:00,60.12,58.79736,1.3226399999999998,2.1999999999999997,13.197660000000038,26.366941827367814
TQQQ,sell,2024-09-12,2024-09-12 09:30:00-04:00,2024-09-12 15:00:00-04:00,64.62,66.56,-1.9399999999999977,-3.002166511915812,11.25766000000004,23.364775315452
TQQQ,buy,2024-09-13,2024-09-13 09:30:00-04:00,2024-09-13 15:00:00-04:00,66.72,67.37,0.6500000000000057,0.9742206235012075,11.907660000000046,24.338995938953207
TQQQ,sell,2024-09-16,2024-09-16 09:30:00-04:00,2024-09-16 15:00:00-04:00,66.36,66.44,-0.0799999999999983,-0.12055455093429521,11.827660000000048,24.218441388018913
TQQQ,sell,2024-09-17,2024-09-17 09:30:00-04:00,2024-09-17 12:00:00-04:00,67.34,65.85852,1.4814800000000048,2.2000000000000073,13.309140000000053,26.41844138801892
TQQQ,sell,2024-09-18,2024-09-18 09:30:00-04:00,2024-09-18 15:00:00-04:00,66.8,65.61,1.1899999999999977,1.7814371257484998,14.49914000000005,28.19987851376742
TQQQ,sell,2024-09-19,2024-09-19 09:30:00-04:00,2024-09-19 15:00:00-04:00,69.89,70.62,-0.730000000000004,-1.044498497639153,13.769140000000046,27.155380016128266
TQQQ,sell,2024-09-20,2024-09-20 09:30:00-04:00,2024-09-20 15:00:00-04:00,69.8,70.1,-0.29999999999999716,-0.42979942693409334,13.46914000000005,26.725580589194173
TQQQ,sell,2024-09-23,2024-09-23 09:30:00-04:00,2024-09-23 15:00:00-04:00,70.52,70.66,-0.14000000000000057,-0.19852524106636496,13.329140000000049,26.52705534812781
TQQQ,sell,2024-09-24,2024-09-24 09:30:00-04:00,2024-09-24 15:00:00-04:00,70.8,71.67,-0.8700000000000045,-1.2288135593220404,12.459140000000044,25.29824178880577
TQQQ,buy,2024-09-25,2024-09-25 09:30:00-04:00,2024-09-25 15:00:00-04:00,72.08,71.66,-0.4200000000000017,-0.5826859045505018,12.039140000000042,24.715555884255267
TQQQ,sell,2024-09-26,2024-09-26 09:30:00-04:00,2024-09-26 10:00:00-04:00,74.12,72.48936,1.6306399999999996,2.1999999999999997,13.669780000000042,26.915555884255266
TQQQ,sell,2024-09-27,2024-09-27 09:30:00-04:00,2024-09-27 14:00:00-04:00,73.05,71.4429,1.6071000000000026,2.2000000000000037,15.276880000000045,29.11555588425527
TQQQ,buy,2024-09-30,2024-09-30 09:30:00-04:00,2024-09-30 15:00:00-04:00,71.74,72.47,0.730000000000004,1.0175634234736604,16.00688000000005,30.13311930772893
TQQQ,sell,2024-10-01,2024-10-01 09:30:00-04:00,2024-10-01 10:00:00-04:00,70.08,68.53824,1.5417599999999965,2.199999999999995,17.548640000000045,32.33311930772892
TQQQ,sell,2024-10-02,2024-10-02 09:30:00-04:00,2024-10-02 15:00:00-04:00,68.71,69.69,-0.980000000000004,-1.4262843836413974,16.56864000000004,30.906834924087523
TQQQ,buy,2024-10-03,2024-10-03 09:30:00-04:00,2024-10-03 15:00:00-04:00,69.88,69.51,-0.36999999999999034,-0.5294791070406273,16.19864000000005,30.377355817046897
TQQQ,sell,2024-10-04,2024-10-04 09:30:00-04:00,2024-10-04 15:00:00-04:00,70.53,71.99,-1.4599999999999937,-2.0700411172550597,14.738640000000057,28.30731469979184
TQQQ,sell,2024-10-07,2024-10-07 09:30:00-04:00,2024-10-07 14:00:00-04:00,70.76,69.20328,1.5567199999999985,2.199999999999998,16.295360000000056,30.507314699791838
TQQQ,buy,2024-10-08,2024-10-08 09:30:00-04:00,2024-10-08 15:00:00-04:00,71.2,72.7664,1.5664000000000016,2.200000000000002,17.861760000000057,32.70731469979184
TQQQ,sell,2024-10-09,2024-10-09 09:30:00-04:00,2024-10-09 15:00:00-04:00,72.32,74.39,-2.0700000000000074,-2.8622787610619573,15.79176000000005,29.84503593872988
TQQQ,buy,2024-10-11,2024-10-11 09:30:00-04:00,2024-10-11 15:00:00-04:00,73.36,74.32,0.9599999999999937,1.308615049073056,16.751760000000044,31.153650987802934
TQQQ,buy,2024-10-14,2024-10-14 09:30:00-04:00,2024-10-14 15:00:00-04:00,76.74,76.2,-0.539999999999992,-0.7036747458952203,16.21176000000005,30.449976241907713
TQQQ,sell,2024-10-15,2024-10-15 09:30:00-04:00,2024-10-15 10:00:00-04:00,76.31,74.63118,1.6788200000000018,2.2000000000000024,17.890580000000053,32.649976241907716
TQQQ,sell,2024-10-16,2024-10-16 09:30:00-04:00,2024-10-16 15:00:00-04:00,71.84,73.13,-1.289999999999992,-1.7956570155901894,16.60058000000006,30.854319226317525
TQQQ,sell,2024-10-17,2024-10-17 09:30:00-04:00,2024-10-17 15:00:00-04:00,74.09,73.33,0.7600000000000051,1.0257794574166623,17.360580000000066,31.880098683734186
TQQQ,buy,2024-10-18,2024-10-18 09:30:00-04:00,2024-10-18 15:00:00-04:00,74.6,74.67,0.07000000000000739,0.09383378016086782,17.430580000000074,31.973932463895054
TQQQ,buy,2024-10-21,2024-10-21 09:30:00-04:00,2024-10-21 15:00:00-04:00,74.77,75.07,0.29999999999999716,0.40123044001604546,17.73058000000007,32.3751629039111
TQQQ,buy,2024-10-22,2024-10-22 09:30:00-04:00,2024-10-22 15:00:00-04:00,74.44,75.29,0.8500000000000085,1.1418592154755622,18.58058000000008,33.51702211938666
TQQQ,sell,2024-10-23,2024-10-23 09:30:00-04:00,2024-10-23 12:00:00-04:00,74.15,72.51870000000001,1.631299999999996,2.1999999999999944,20.211880000000075,35.717022119386655
TQQQ,sell,2024-10-24,2024-10-24 09:30:00-04:00,2024-10-24 15:00:00-04:00,73.04,73.5,-0.45999999999999375,-0.6297918948521273,19.75188000000008,35.08723022453453
TQQQ,buy,2024-10-25,2024-10-25 09:30:00-04:00,2024-10-25 15:00:00-04:00,76.38,74.75,-1.6299999999999955,-2.13406650955747,18.121880000000086,32.95316371497706
TQQQ,sell,2024-10-28,2024-10-28 09:30:00-04:00,2024-10-28 15:00:00-04:00,75.4,74.81,0.5900000000000034,0.7824933687002698,18.71188000000009,33.73565708367733
TQQQ,buy,2024-10-29,2024-10-29 09:30:00-04:00,2024-10-29 13:00:00-04:00,74.98,76.62956000000001,1.6495600000000081,2.200000000000011,20.361440000000098,35.93565708367734
TQQQ,sell,2024-10-30,2024-10-30 09:30:00-04:00,2024-10-30 15:00:00-04:00,76.27,75.17,1.0999999999999943,1.4422446571391037,21.461440000000092,37.37790174081645
TQQQ,sell,2024-10-31,2024-10-31 09:30:00-04:00,2024-10-31 14:00:00-04:00,71.15,69.5847,1.5653000000000077,2.200000000000011,23.0267400000001,39.57790174081646
TQQQ,buy,2024-11-01,2024-11-01 09:30:00-04:00,2024-11-01 15:00:00-04:00,71.12,70.91,-0.21000000000000796,-0.2952755905511923,22.81674000000009,39.282626150265266
TQQQ,buy,2024-11-04,2024-11-04 09:30:00-05:00,2024-11-04 15:00:00-05:00,70.75,70.26,-0.4899999999999949,-0.6925795053003461,22.326740000000097,38.59004664496492
TQQQ,buy,2024-11-05,2024-11-05 09:30:00-05:00,2024-11-05 15:00:00-05:00,72.39,72.95,0.5600000000000023,0.773587512087308,22.8867400000001,39.36363415705223
TQQQ,sell,2024-11-06,2024-11-06 09:30:00-05:00,2024-11-06 15:00:00-05:00,76.53,78.85,-2.319999999999993,-3.0314909185940064,20.566740000000106,36.33214323845822
TQQQ,buy,2024-11-07,2024-11-07 09:30:00-05:00,2024-11-07 15:00:00-05:00,81.32,82.58,1.2600000000000051,1.549434333497301,21.82674000000011,37.881577571955525
TQQQ,buy,2024-11-08,2024-11-08 09:30:00-05:00,2024-11-08 15:00:00-05:00,82.48,82.75,0.269999999999996,0.3273520853540204,22.096740000000107,38.20892965730955
TQQQ,sell,2024-11-11,2024-11-11 09:30:00-05:00,2024-11-11 15:00:00-05:00,82.03,82.61,-0.5799999999999983,-0.7070583932707525,21.51674000000011,37.5018712640388
TQQQ,buy,2024-11-12,2024-11-12 09:30:00-05:00,2024-11-12 15:00:00-05:00,82.78,82.14,-0.6400000000000006,-0.7731336071514865,20.876740000000108,36.72873765688731
TQQQ,sell,2024-11-13,2024-11-13 09:30:00-05:00,2024-11-13 15:00:00-05:00,81.65,81.79,-0.14000000000000057,-0.17146356399265225,20.736740000000108,36.55727409289466
TQQQ,sell,2024-11-14,2024-11-14 09:30:00-05:00,2024-11-14 15:00:00-05:00,81.08,80.05,1.0300000000000011,1.2703502713369526,21.76674000000011,37.82762436423161
TQQQ,sell,2024-11-15,2024-11-15 09:30:00-05:00,2024-11-15 11:00:00-05:00,76.5,74.817,1.683000000000007,2.200000000000009,23.449740000000116,40.02762436423162
TQQQ,sell,2024-11-18,2024-11-18 09:30:00-05:00,2024-11-18 15:00:00-05:00,74.63,75.78,-1.1500000000000057,-1.5409352807182175,22.29974000000011,38.486689083513404
TQQQ,buy,2024-11-19,2024-11-19 09:30:00-05:00,2024-11-19 12:00:00-05:00,74.95,76.5989,1.6488999999999976,2.1999999999999966,23.948640000000108,40.6866890835134
TQQQ,sell,2024-11-20,2024-11-20 09:30:00-05:00,2024-11-20 15:00:00-05:00,75.62,77.17,-1.5499999999999972,-2.0497222956889676,22.39864000000011,38.636966787824434
TQQQ,sell,2024-11-21,2024-11-21 09:30:00-05:00,2024-11-21 10:00:00-05:00,76.27,74.59205999999999,1.6779400000000066,2.200000000000009,24.076580000000117,40.836966787824444
TQQQ,buy,2024-11-22,2024-11-22 09:30:00-05:00,2024-11-22 15:00:00-05:00,78.36,78.25,-0.10999999999999943,-0.1403777437468089,23.966580000000118,40.69658904407763
TQQQ,sell,2024-11-25,2024-11-25 09:30:00-05:00,2024-11-25 12:00:00-05:00,79.38,77.63364,1.7463599999999957,2.199999999999995,25.712940000000113,42.89658904407763
TQQQ,buy,2024-11-26,2024-11-26 09:30:00-05:00,2024-11-26 15:00:00-05:00,79.63,79.83,0.20000000000000284,0.25116162250408497,25.912940000000116,43.147750666581715
TQQQ,sell,2024-11-27,2024-11-27 09:30:00-05:00,2024-11-27 11:00:00-05:00,78.44,76.71432,1.725679999999997,2.1999999999999966,27.638620000000113,45.34775066658171
TQQQ,buy,2024-11-29,2024-11-29 09:30:00-05:00,2024-11-29 12:00:00-05:00,79.06,79.86,0.7999999999999972,1.0118897040222579,28.43862000000011,46.35964037060397
TQQQ,buy,2024-12-02,2024-12-02 09:30:00-05:00,2024-12-02 15:00:00-05:00,81.73,82.49,0.7599999999999909,0.9298911048574464,29.1986200000001,47.289531475461416
TQQQ,buy,2024-12-03,2024-12-03 09:30:00-05:00,2024-12-03 15:00:00-05:00,82.35,83.21,0.8599999999999994,1.0443230115361257,30.0586200000001,48.333854486997545
TQQQ,sell,2024-12-04,2024-12-04 09:30:00-05:00,2024-12-04 15:00:00-05:00,84.85,86.26,-1.4100000000000108,-1.6617560400707259,28.64862000000009,46.67209844692682
TQQQ,sell,2024-12-05,2024-12-05 09:30:00-05:00,2024-12-05 15:00:00-05:00,85.94,85.54,0.3999999999999915,0.46544100535256167,29.04862000000008,47.13753945227938
TQQQ,buy,2024-12-06,2024-12-06 09:30:00-05:00,2024-12-06 15:00:00-05:00,87.15,87.75,0.5999999999999943,0.6884681583476698,29.648620000000076,47.826007610627045
TQQQ,buy,2024-12-09,2024-12-09 09:30:00-05:00,2024-12-09 15:00:00-05:00,87.39,85.68,-1.7099999999999937,-1.956745623068994,27.938620000000082,45.86926198755805
TQQQ,buy,2024-12-10,2024-12-10 09:30:00-05:00,2024-12-10 15:00:00-05:00,86.41,84.73,-1.6799999999999926,-1.944219419048713,26.25862000000009,43.92504256850933
TQQQ,buy,2024-12-11,2024-12-11 09:30:00-05:00,2024-12-11 15:00:00-05:00,88.15,89.31,1.1599999999999966,1.3159387407827527,27.418620000000086,45.24098130929209
TQQQ,sell,2024-12-12,2024-12-12 09:30:00-05:00,2024-12-12 15:00:00-05:00,88.01,87.53,0.480000000000004,0.5453925690262514,27.89862000000009,45.78637387831834
TQQQ,buy,2024-12-13,2024-12-13 09:30:00-05:00,2024-12-13 15:00:00-05:00,90.44,89.45,-0.9899999999999949,-1.094648385670052,26.908620000000095,44.69172549264828
TQQQ,buy,2024-12-16,2024-12-16 09:30:00-05:00,2024-12-16 14:00:00-05:00,91.59,93.60498000000001,2.0149800000000084,2.200000000000009,28.923600000000103,46.89172549264829
TQQQ,sell,2024-12-17,2024-12-17 09:30:00-05:00,2024-12-17 15:00:00-05:00,91.97,92.06,-0.09000000000000341,-0.0978579971729949,28.8336000000001,46.7938674954753
TQQQ,buy,2024-12-18,2024-12-18 09:30:00-05:00,2024-12-18 15:00:00-05:00,91.77,82.09,-9.679999999999993,-10.548109403944636,19.153600000000107,36.24575809153066
TQQQ,sell,2024-12-19,2024-12-19 09:30:00-05:00,2024-12-19 15:00:00-05:00,83.16,81.33048,1.8295200000000023,2.200000000000003,20.98312000000011,38.445758091530664
TQQQ,buy,2024-12-20,2024-12-20 09:30:00-05:00,2024-12-20 10:00:00-05:00,79.31,81.05482,1.7448200000000043,2.2000000000000055,22.727940000000114,40.645758091530666
TQQQ,buy,2024-12-23,2024-12-23 09:30:00-05:00,2024-12-23 15:00:00-05:00,83.61,85.06,1.4500000000000028,1.734242315512502,24.177940000000117,42.38000040704317
TQQQ,buy,2024-12-24,2024-12-24 09:30:00-05:00,2024-12-24 12:00:00-05:00,86.85,88.47,1.6200000000000045,1.8652849740932695,25.79794000000012,44.24528538113644
TQQQ,buy,2024-12-26,2024-12-26 09:30:00-05:00,2024-12-26 15:00:00-05:00,87.64,88.22,0.5799999999999983,0.6617982656321295,26.37794000000012,44.90708364676857
TQQQ,sell,2024-12-27,2024-12-27 09:30:00-05:00,2024-12-27 10:00:00-05:00,84.68,82.81704,1.862960000000001,2.200000000000001,28.24090000000012,47.10708364676857
TQQQ,sell,2024-12-30,2024-12-30 09:30:00-05:00,2024-12-30 15:00:00-05:00,79.81,81.22,-1.4099999999999966,-1.766695902769072,26.830900000000124,45.3403877439995
TQQQ,sell,2024-12-31,2024-12-31 09:30:00-05:00,2024-12-31 12:00:00-05:00,81.55,79.7559,1.7941000000000003,2.2,28.625000000000124,47.5403877439995
TQQQ,buy,2025-01-02,2025-01-02 09:30:00-05:00,2025-01-02 15:00:00-05:00,81.02,78.61,-2.4099999999999966,-2.9745741792150047,26.215000000000128,44.5658135647845
TQQQ,buy,2025-01-03,2025-01-03 09:30:00-05:00,2025-01-03 14:00:00-05:00,80.98,82.76156,1.781559999999999,2.1999999999999984,27.996560000000127,46.765813564784494
TQQQ,buy,2025-01-06,2025-01-06 09:30:00-05:00,2025-01-06 15:00:00-05:00,85.94,85.21,-0.730000000000004,-0.8494298347684478,27.266560000000123,45.916383730016044
TQQQ,sell,2025-01-07,2025-01-07 09:30:00-05:00,2025-01-07 10:00:00-05:00,84.79,82.92462,1.8653800000000018,2.200000000000002,29.131940000000125,48.11638373001605
TQQQ,sell,2025-01-08,2025-01-08 09:30:00-05:00,2025-01-08 12:00:00-05:00,80.42,78.65076,1.7692399999999964,2.1999999999999953,30.90118000000012,50.31638373001604
TQQQ,sell,2025-01-10,2025-01-10 09:30:00-05:00,2025-01-10 10:00:00-05:00,77.28,75.57984,1.7001599999999968,2.1999999999999957,32.60134000000012,52.51638373001604
TQQQ,buy,2025-01-13,2025-01-13 09:30:00-05:00,2025-01-13 15:00:00-05:00,74.45,76.0879,1.637900000000002,2.200000000000003,34.23924000000012,54.71638373001604
TQQQ,sell,2025-01-14,2025-01-14 09:30:00-05:00,2025-01-14 11:00:00-05:00,76.44,74.75832,1.68168,2.2,35.92092000000012,56.916383730016044
TQQQ,buy,2025-01-15,2025-01-15 09:30:00-05:00,2025-01-15 15:00:00-05:00,80.12,80.89,0.769999999999996,0.9610584123814228,36.69092000000012,57.87744214239747
TQQQ,sell,2025-01-16,2025-01-16 09:30:00-05:00,2025-01-16 15:00:00-05:00,80.7,79.23,1.4699999999999989,1.8215613382899614,38.16092000000012,59.69900348068743
TQQQ,sell,2025-01-17,2025-01-17 09:30:00-05:00,2025-01-17 15:00:00-05:00,82.13,83.15,-1.0200000000000102,-1.2419335200292345,37.14092000000011,58.457069960658195
TQQQ,sell,2025-01-21,2025-01-21 09:30:00-05:00,2025-01-21 15:00:00-05:00,83.54,84.53,-0.9899999999999949,-1.185061048599467,36.15092000000011,57.27200891205873
TQQQ,buy,2025-01-22,2025-01-22 09:30:00-05:00,2025-01-22 15:00:00-05:00,87.98,87.8,-0.18000000000000682,-0.20459195271653424,35.970920000000106,57.0674169593422
TQQQ,buy,2025-01-23,2025-01-23 09:30:00-05:00,2025-01-23 15:00:00-05:00,86.64,88.38,1.7399999999999949,2.008310249307473,37.7109200000001,59.07572720864967
TQQQ,buy,2025-01-24,2025-01-24 09:30:00-05:00,2025-01-24 15:00:00-05:00,88.59,86.75,-1.8400000000000034,-2.0769838582232794,35.8709200000001,56.99874335042639
TQQQ,buy,2025-01-27,2025-01-27 09:30:00-05:00,2025-01-27 15:00:00-05:00,80.01,79.07,-0.9400000000000119,-1.1748531433570952,34.930920000000086,55.82389020706929
TQQQ,sell,2025-01-28,2025-01-28 09:30:00-05:00,2025-01-28 15:00:00-05:00,79.39,82.65,-3.260000000000005,-4.106310618465808,31.67092000000008,51.717579588603485
TQQQ,sell,2025-01-29,2025-01-29 09:30:00-05:00,2025-01-29 15:00:00-05:00,81.98,82.1,-0.11999999999999034,-0.1463771651622229,31.55092000000009,51.571202423441264
TQQQ,buy,2025-01-30,2025-01-30 09:30:00-05:00,2025-01-30 15:00:00-05:00,83.73,83.17,-0.5600000000000023,-0.6688164337752326,30.990920000000088,50.90238598966603
TQQQ,buy,2025-01-31,2025-01-31 09:30:00-05:00,2025-01-31 15:00:00-05:00,85.99,82.71,-3.280000000000001,-3.814397022909642,27.710920000000087,47.087988966756384
TQQQ,sell,2025-02-03,2025-02-03 09:30:00-05:00,2025-02-03 15:00:00-05:00,78.52,80.71,-2.1899999999999977,-2.7890983188996405,25.52092000000009,44.298890647856744
TQQQ,buy,2025-02-04,2025-02-04 09:30:00-05:00,2025-02-04 15:00:00-05:00,82.46,83.68,1.220000000000013,1.479505214649543,26.740920000000102,45.77839586250629
TQQQ,buy,2025-02-05,2025-02-05 09:30:00-05:00,2025-02-05 12:00:00-05:00,82.52,84.33543999999999,1.8154399999999953,2.1999999999999944,28.556360000000097,47.97839586250628
TQQQ,buy,2025-02-06,2025-02-06 09:30:00-05:00,2025-02-06 15:00:00-05:00,85.12,86.03,0.9099999999999966,1.069078947368417,29.466360000000094,49.0474748098747
TQQQ,buy,2025-02-07,2025-02-07 09:30:00-05:00,2025-02-07 15:00:00-05:00,86.47,82.71,-3.760000000000005,-4.348328900196606,25.70636000000009,44.699145909678094
TQQQ,buy,2025-02-10,2025-02-10 09:30:00-05:00,2025-02-10 15:00:00-05:00,85.05,85.66,0.6099999999999994,0.7172251616696055,26.31636000000009,45.4163710713477
TQQQ,buy,2025-02-11,2025-02-11 09:30:00-05:00,2025-02-11 15:00:00-05:00,84.9,85.04,0.14000000000000057,0.16489988221437052,26.45636000000009,45.58127095356207
TQQQ,buy,2025-02-12,2025-02-12 09:30:00-05:00,2025-02-12 14:00:00-05:00,83.73,85.57206000000001,1.8420600000000036,2.200000000000004,28.298420000000093,47.78127095356207
TQQQ,buy,2025-02-13,2025-02-13 09:30:00-05:00,2025-02-13 15:00:00-05:00,86.56,88.46432,1.9043199999999985,2.199999999999998,30.20274000000009,49.98127095356207
TQQQ,buy,2025-02-14,2025-02-14 09:30:00-05:00,2025-02-14 15:00:00-05:00,89.04,89.82,0.7799999999999869,0.8760107816711443,30.982740000000078,50.85728173523321
TQQQ,sell,2025-02-18,2025-02-18 09:30:00-05:00,2025-02-18 15:00:00-05:00,89.96,90.39,-0.4300000000000068,-0.47799021787461854,30.55274000000007,50.37929151735859
TQQQ,sell,2025-02-19,2025-02-19 09:30:00-05:00,2025-02-19 15:00:00-05:00,89.54,90.49,-0.9499999999999886,-1.0609783337055936,29.602740000000082,49.318313183653
TQQQ,sell,2025-02-20,2025-02-20 09:30:00-05:00,2025-02-20 15:00:00-05:00,87.61,89.26,-1.6500000000000057,-1.8833466499258142,27.952740000000077,47.434966533727184
TQQQ,sell,2025-02-21,2025-02-21 09:30:00-05:00,2025-02-21 12:00:00-05:00,88.71,86.75837999999999,1.9516200000000055,2.2000000000000064,29.904360000000082,49.634966533727194
TQQQ,sell,2025-02-24,2025-02-24 09:30:00-05:00,2025-02-24 15:00:00-05:00,82.33,80.51874,1.8112600000000043,2.2000000000000055,31.715620000000087,51.8349665337272
TQQQ,sell,2025-02-25,2025-02-25 09:30:00-05:00,2025-02-25 10:00:00-05:00,78.83,77.09573999999999,1.7342600000000061,2.2000000000000077,33.44988000000009,54.03496653372721
TQQQ,buy,2025-02-26,2025-02-26 09:30:00-05:00,2025-02-26 15:00:00-05:00,79.28,78.08,-1.2000000000000028,-1.5136226034308815,32.24988000000009,52.521343930296325
TQQQ,sell,2025-02-27,2025-02-27 09:30:00-05:00,2025-02-27 14:00:00-05:00,76.04,74.36712,1.6728800000000064,2.200000000000008,33.922760000000096,54.721343930296335
TQQQ,buy,2025-02-28,2025-02-28 09:30:00-05:00,2025-02-28 10:00:00-05:00,71.48,73.05256,1.5725599999999957,2.199999999999994,35.49532000000009,56.92134393029633
TQQQ,sell,2025-03-03,2025-03-03 09:30:00-05:00,2025-03-03 13:00:00-05:00,74.08,72.45024,1.6297600000000045,2.200000000000006,37.1250800000001,59.121343930296334
TQQQ,sell,2025-03-04,2025-03-04 09:30:00-05:00,2025-03-04 10:00:00-05:00,67.61,66.12258,1.4874200000000002,2.2,38.6125000000001,61.32134393029634
TQQQ,sell,2025-03-05,2025-03-05 09:30:00-05:00,2025-03-05 15:00:00-05:00,68.51,72.02,-3.509999999999991,-5.123339658444009,35.102500000000106,56.19800427185233
TQQQ,sell,2025-03-06,2025-03-06 09:30:00-05:00,2025-03-06 12:00:00-05:00,68.09,66.59202,1.4979799999999983,2.1999999999999975,36.600480000000104,58.39800427185232
TQQQ,buy,2025-03-07,2025-03-07 09:30:00-05:00,2025-03-07 15:00:00-05:00,66.58,67.43,0.8500000000000085,1.2766596575548341,37.45048000000011,59.67466392940716
TQQQ,sell,2025-03-10,2025-03-10 09:30:00-04:00,2025-03-10 10:00:00-04:00,63.07,61.68246,1.3875400000000013,2.200000000000002,38.838020000000114,61.87466392940716
TQQQ,buy,2025-03-11,2025-03-11 09:30:00-04:00,2025-03-11 14:00:00-04:00,60.33,61.65726,1.3272600000000025,2.200000000000004,40.165280000000116,64.07466392940717
TQQQ,sell,2025-03-12,2025-03-12 09:30:00-04:00,2025-03-12 10:00:00-04:00,61.45,60.0981,1.3519000000000005,2.200000000000001,41.51718000000012,66.27466392940717
TQQQ,sell,2025-03-13,2025-03-13 09:30:00-04:00,2025-03-13 13:00:00-04:00,58.89,57.59442,1.295580000000001,2.200000000000002,42.81276000000012,68.47466392940717
TQQQ,buy,2025-03-14,2025-03-14 09:30:00-04:00,2025-03-14 11:00:00-04:00,60.47,61.80034,1.3303399999999996,2.1999999999999997,44.14310000000012,70.67466392940717
TQQQ,buy,2025-03-17,2025-03-17 09:30:00-04:00,2025-03-17 14:00:00-04:00,62.68,64.05896,1.3789599999999993,2.199999999999999,45.52206000000012,72.87466392940718
TQQQ,sell,2025-03-18,2025-03-18 09:30:00-04:00,2025-03-18 15:00:00-04:00,59.64,59.91,-0.269999999999996,-0.4527162977867137,45.25206000000012,72.42194763162047
TQQQ,buy,2025-03-19,2025-03-19 09:30:00-04:00,2025-03-19 14:00:00-04:00,61.0,62.342,1.3419999999999987,2.199999999999998,46.59406000000012,74.62194763162047
TQQQ,buy,2025-03-20,2025-03-20 09:30:00-04:00,2025-03-20 10:00:00-04:00,62.04,63.40488,1.3648799999999994,2.1999999999999993,47.95894000000012,76.82194763162047
TQQQ,buy,2025-03-21,2025-03-21 09:30:00-04:00,2025-03-21 12:00:00-04:00,60.09,61.41198000000001,1.3219800000000035,2.200000000000006,49.28092000000012,79.02194763162048
TQQQ,buy,2025-03-24,2025-03-24 09:30:00-04:00,2025-03-24 15:00:00-04:00,65.62,66.13,0.5099999999999909,0.7772020725388462,49.79092000000011,79.79914970415932
TQQQ,buy,2025-03-25,2025-03-25 09:30:00-04:00,2025-03-25 15:00:00-04:00,66.57,67.3,0.730000000000004,1.096590055580598,50.52092000000012,80.89573975973991
TQQQ,sell,2025-03-26,2025-03-26 09:30:00-04:00,2025-03-26 12:00:00-04:00,65.42,63.980760000000004,1.439239999999998,2.199999999999997,51.960160000000116,83.09573975973991
TQQQ,buy,2025-03-27,2025-03-27 09:30:00-04:00,2025-03-27 15:00:00-04:00,63.05,62.28,-0.769999999999996,-1.221252973830287,51.19016000000012,81.87448678590962
TQQQ,sell,2025-03-28,2025-03-28 09:30:00-04:00,2025-03-28 10:00:00-04:00,61.01,59.66777999999999,1.3422200000000046,2.2000000000000073,52.532380000000124,84.07448678590963
TQQQ,sell,2025-03-31,2025-03-31 09:30:00-04:00,2025-03-31 15:00:00-04:00,54.03,57.3,-3.269999999999996,-6.052193225985556,49.26238000000013,78.02229355992407
TQQQ,buy,2025-04-01,2025-04-01 09:30:00-04:00,2025-04-01 11:00:00-04:00,56.81,58.05982,1.2498199999999997,2.1999999999999997,50.51220000000013,80.22229355992407
TQQQ,buy,2025-04-02,2025-04-02 09:30:00-04:00,2025-04-02 11:00:00-04:00,57.98,59.255559999999996,1.2755599999999987,2.199999999999998,51.78776000000013,82.42229355992407
TQQQ,buy,2025-04-03,2025-04-03 09:30:00-04:00,2025-04-03 15:00:00-04:00,53.1,50.3,-2.8000000000000043,-5.273069679849349,48.98776000000012,77.14922388007473
TQQQ,buy,2025-04-04,2025-04-04 09:30:00-04:00,2025-04-04 15:00:00-04:00,46.35,41.09,-5.259999999999998,-11.348435814455227,43.727760000000124,65.8007880656195
TQQQ,buy,2025-04-07,2025-04-07 09:30:00-04:00,2025-04-07 10:00:00-04:00,39.23,40.093059999999994,0.8630599999999973,2.199999999999993,44.59082000000012,68.00078806561949
TQQQ,buy,2025-04-08,2025-04-08 09:30:00-04:00,2025-04-08 15:00:00-04:00,46.08,38.95,-7.1299999999999955,-15.473090277777768,37.460820000000126,52.52769778784172
TQQQ,buy,2025-04-09,2025-04-09 09:30:00-04:00,2025-04-09 10:00:00-04:00,40.37,41.25814,0.8881399999999999,2.1999999999999997,38.348960000000126,54.72769778784172
TQQQ,sell,2025-04-10,2025-04-10 09:30:00-04:00,2025-04-10 11:00:00-04:00,47.63,46.58214,1.04786,2.1999999999999997,39.396820000000126,56.92769778784172
TQQQ,buy,2025-04-11,2025-04-11 09:30:00-04:00,2025-04-11 12:00:00-04:00,46.8,47.8296,1.029600000000002,2.200000000000004,40.42642000000013,59.127697787841726
TQQQ,sell,2025-04-14,2025-04-14 09:30:00-04:00,2025-04-14 11:00:00-04:00,50.45,49.3401,1.1099000000000032,2.200000000000006,41.53632000000013,61.32769778784173
TQQQ,buy,2025-04-15,2025-04-15 09:30:00-04:00,2025-04-15 15:00:00-04:00,50.63,49.77,-0.8599999999999994,-1.6985976693659872,40.67632000000013,59.62910011847574
TQQQ,sell,2025-04-16,2025-04-16 09:30:00-04:00,2025-04-16 13:00:00-04:00,46.37,45.34986,1.0201399999999978,2.1999999999999953,41.69646000000013,61.829100118475736
TQQQ,sell,2025-04-17,2025-04-17 09:30:00-04:00,2025-04-17 10:00:00-04:00,45.87,44.860859999999995,1.0091400000000021,2.2000000000000046,42.70560000000013,64.02910011847574
TQQQ,sell,2025-04-21,2025-04-21 09:30:00-04:00,2025-04-21 11:00:00-04:00,42.39,41.45742,0.9325800000000015,2.2000000000000037,43.63818000000013,66.22910011847574
TQQQ,buy,2025-04-22,2025-04-22 09:30:00-04:00,2025-04-22 11:00:00-04:00,44.16,45.131519999999995,0.9715199999999982,2.199999999999996,44.60970000000013,68.42910011847574
TQQQ,buy,2025-04-23,2025-04-23 09:30:00-04:00,2025-04-23 15:00:00-04:00,50.09,48.07,-2.020000000000003,-4.03274106608106,42.58970000000013,64.39635905239469
TQQQ,buy,2025-04-24,2025-04-24 09:30:00-04:00,2025-04-24 11:00:00-04:00,50.09,51.19198,1.1019799999999975,2.199999999999995,43.691680000000126,66.59635905239467
TQQQ,sell,2025-04-25,2025-04-25 09:30:00-04:00,2025-04-25 15:00:00-04:00,51.69,53.87,-2.1799999999999997,-4.2174501837879665,41.511680000000126,62.37890886860671
TQQQ,sell,2025-04-28,2025-04-28 09:30:00-04:00,2025-04-28 11:00:00-04:00,53.35,52.1763,1.1737000000000037,2.200000000000007,42.68538000000013,64.57890886860672
TQQQ,buy,2025-04-29,2025-04-29 09:30:00-04:00,2025-04-29 13:00:00-04:00,53.64,54.820080000000004,1.1800800000000038,2.2000000000000073,43.865460000000134,66.77890886860672
TQQQ,sell,2025-04-30,2025-04-30 09:30:00-04:00,2025-04-30 15:00:00-04:00,50.45,54.83,-4.3799999999999955,-8.681863230921696,39.48546000000014,58.09704563768503
TQQQ,sell,2025-05-01,2025-05-01 09:30:00-04:00,2025-05-01 15:00:00-04:00,56.75,56.78,-0.030000000000001137,-0.05286343612335002,39.45546000000014,58.044182201561675
TQQQ,sell,2025-05-02,2025-05-02 09:30:00-04:00,2025-05-02 15:00:00-04:00,58.47,59.45,-0.980000000000004,-1.6760731999315956,38.47546000000013,56.36810900163008
TQQQ,buy,2025-05-05,2025-05-05 09:30:00-04:00,2025-05-05 15:00:00-04:00,58.29,58.38,0.09000000000000341,0.15440041173443714,38.56546000000014,56.52250941336452
TQQQ,sell,2025-05-06,2025-05-06 09:30:00-04:00,2025-05-06 15:00:00-04:00,55.73,56.73,-1.0,-1.7943656917279744,37.56546000000014,54.72814372163654
TQQQ,buy,2025-05-07,2025-05-07 09:30:00-04:00,2025-05-07 15:00:00-04:00,57.29,57.41,0.11999999999999744,0.20946063885494406,37.685460000000134,54.937604360491484
TQQQ,sell,2025-05-08,2025-05-08 09:30:00-04:00,2025-05-08 15:00:00-04:00,58.62,59.12,-0.5,-0.85295121119072,37.185460000000134,54.08465314930076
TQQQ,buy,2025-05-09,2025-05-09 09:30:00-04:00,2025-05-09 15:00:00-04:00,60.05,59.0,-1.0499999999999972,-1.7485428809325516,36.13546000000014,52.33611026836821
TQQQ,sell,2025-05-12,2025-05-12 09:30:00-04:00,2025-05-12 15:00:00-04:00,64.7,66.12,-1.4200000000000017,-2.194744976816077,34.715460000000135,50.141365291552134
TQQQ,buy,2025-05-13,2025-05-13 09:30:00-04:00,2025-05-13 11:00:00-04:00,67.8,69.2916,1.4916000000000054,2.2000000000000077,36.20706000000014,52.341365291552144
TQQQ,buy,2025-05-14,2025-05-14 09:30:00-04:00,2025-05-14 15:00:00-04:00,69.76,70.38,0.6199999999999903,0.8887614678898943,36.82706000000013,53.23012675944204
TQQQ,sell,2025-05-15,2025-05-15 09:30:00-04:00,2025-05-15 15:00:00-04:00,69.43,70.59,-1.1599999999999966,-1.6707475154832154,35.667060000000134,51.55937924395882
TQQQ,sell,2025-05-16,2025-05-16 09:30:00-04:00,2025-05-16 15:00:00-04:00,70.85,71.45,-0.6000000000000085,-0.8468595624559048,35.067060000000126,50.71251968150292
TQQQ,buy,2025-05-19,2025-05-19 09:30:00-04:00,2025-05-19 13:00:00-04:00,69.99,71.52978,1.5397800000000075,2.200000000000011,36.60684000000013,52.91251968150293
TQQQ,sell,2025-05-20,2025-05-20 09:30:00-04:00,2025-05-20 15:00:00-04:00,70.39,70.88,-0.4899999999999949,-0.6961216081829732,36.11684000000014,52.21639807331996
TQQQ,buy,2025-05-21,2025-05-21 09:30:00-04:00,2025-05-21 11:00:00-04:00,70.18,71.72396,1.5439599999999984,2.1999999999999975,37.66080000000014,54.416398073319954
TQQQ,buy,2025-05-22,2025-05-22 09:30:00-04:00,2025-05-22 15:00:00-04:00,69.28,68.28,-1.0,-1.443418013856813,36.66080000000014,52.97298005946314
TQQQ,buy,2025-05-23,2025-05-23 09:30:00-04:00,2025-05-23 13:00:00-04:00,65.47,66.91034,1.4403400000000062,2.2000000000000095,38.10114000000014,55.17298005946315
TQQQ,buy,2025-05-27,2025-05-27 09:30:00-04:00,2025-05-27 12:00:00-04:00,69.33,70.85526,1.525260000000003,2.200000000000004,39.626400000000146,57.37298005946315
TQQQ,sell,2025-05-28,2025-05-28 09:30:00-04:00,2025-05-28 15:00:00-04:00,70.95,70.02,0.9300000000000068,1.3107822410148087,40.55640000000015,58.68376230047796
TQQQ,sell,2025-05-29,2025-05-29 09:30:00-04:00,2025-05-29 11:00:00-04:00,71.47,69.89766,1.572339999999997,2.1999999999999957,42.12874000000015,60.883762300477954
TQQQ,sell,2025-05-30,2025-05-30 09:30:00-04:00,2025-05-30 12:00:00-04:00,68.91,67.39398,1.5160199999999975,2.1999999999999966,43.64476000000015,63.08376230047795
TQQQ,buy,2025-06-02,2025-06-02 09:30:00-04:00,2025-06-02 13:00:00-04:00,69.44,70.96768,1.5276800000000037,2.2000000000000055,45.17244000000015,65.28376230047796
TQQQ,buy,2025-06-03,2025-06-03 09:30:00-04:00,2025-06-03 13:00:00-04:00,72.2,73.78840000000001,1.5884000000000071,2.20000000000001,46.76084000000016,67.48376230047796
TQQQ,buy,2025-06-04,2025-06-04 09:30:00-04:00,2025-06-04 15:00:00-04:00,73.83,73.87,0.04000000000000625,0.05417851821753522,46.800840000000164,67.5379408186955
TQQQ,sell,2025-06-05,2025-06-05 09:30:00-04:00,2025-06-05 15:00:00-04:00,73.55,71.9319,1.6180999999999983,2.199999999999998,48.41894000000016,69.7379408186955
TQQQ,buy,2025-06-06,2025-06-06 09:30:00-04:00,2025-06-06 15:00:00-04:00,74.7,74.19,-0.5100000000000051,-0.6827309236947859,47.90894000000016,69.05520989500071
TQQQ,sell,2025-06-09,2025-06-09 09:30:00-04:00,2025-06-09 15:00:00-04:00,74.2,74.56,-0.35999999999999943,-0.4851752021563334,47.54894000000016,68.57003469284439
TQQQ,buy,2025-06-10,2025-06-10 09:30:00-04:00,2025-06-10 15:00:00-04:00,74.94,76.02,1.0799999999999983,1.441152922337868,48.628940000000156,70.01118761518225
TQQQ,sell,2025-06-11,2025-06-11 09:30:00-04:00,2025-06-11 14:00:00-04:00,76.21,74.53338,1.6766199999999998,2.1999999999999997,50.305560000000156,72.21118761518225
TQQQ,buy,2025-06-12,2025-06-12 09:30:00-04:00,2025-06-12 15:00:00-04:00,74.91,75.7,0.7900000000000063,1.0545988519556886,51.09556000000016,73.26578646713794
TQQQ,buy,2025-06-13,2025-06-13 09:30:00-04:00,2025-06-13 15:00:00-04:00,73.54,72.77,-0.7700000000000102,-1.0470492249116266,50.32556000000015,72.21873724222631
TQQQ,buy,2025-06-16,2025-06-16 09:30:00-04:00,2025-06-16 15:00:00-04:00,75.57,75.8,0.23000000000000398,0.3043535794627551,50.555560000000156,72.52309082168907
TQQQ,buy,2025-06-17,2025-06-17 09:30:00-04:00,2025-06-17 15:00:00-04:00,74.98,73.53,-1.4500000000000028,-1.9338490264070456,49.10556000000015,70.58924179528202
TQQQ,buy,2025-06-18,2025-06-18 09:30:00-04:00,2025-06-18 15:00:00-04:00,74.03,73.46,-0.5700000000000074,-0.7699581250844352,48.535560000000146,69.81928367019759
TQQQ,sell,2025-06-20,2025-06-20 09:30:00-04:00,2025-06-20 10:00:00-04:00,74.22,72.58716,1.6328400000000016,2.2000000000000024,50.16840000000015,72.0192836701976
TQQQ,buy,2025-06-23,2025-06-23 09:30:00-04:00,2025-06-23 15:00:00-04:00,73.29,74.90238000000001,1.6123800000000017,2.2000000000000024,51.78078000000015,74.2192836701976
TQQQ,buy,2025-06-24,2025-06-24 09:30:00-04:00,2025-06-24 15:00:00-04:00,76.96,78.1,1.1400000000000006,1.481288981288982,52.92078000000015,75.70057265148658
TQQQ,buy,2025-06-25,2025-06-25 09:30:00-04:00,2025-06-25 15:00:00-04:00,79.13,78.48,-0.6499999999999915,-0.8214330847971584,52.27078000000016,74.87913956668942
TQQQ,sell,2025-06-26,2025-06-26 09:30:00-04:00,2025-06-26 15:00:00-04:00,79.32,80.64,-1.3200000000000074,-1.6641452344932015,50.95078000000015,73.21499433219621
TQQQ,buy,2025-06-27,2025-06-27 09:30:00-04:00,2025-06-27 15:00:00-04:00,81.64,81.46,-0.18000000000000682,-0.2204801567858976,50.770780000000144,72.99451417541032
TQQQ,sell,2025-06-30,2025-06-30 09:30:00-04:00,2025-06-30 15:00:00-04:00,82.32,82.98,-0.6600000000000108,-0.8017492711370394,50.11078000000013,72.19276490427328
TQQQ,buy,2025-07-01,2025-07-01 09:30:00-04:00,2025-07-01 15:00:00-04:00,82.21,80.85,-1.3599999999999994,-1.6542999635080886,48.750780000000134,70.53846494076518
TQQQ,buy,2025-07-02,2025-07-02 09:30:00-04:00,2025-07-02 15:00:00-04:00,81.03,82.5,1.4699999999999989,1.8141429100333197,50.22078000000013,72.3526078507985
TQQQ,buy,2025-07-03,2025-07-03 09:30:00-04:00,2025-07-03 12:00:00-04:00,84.2,84.82,0.6199999999999903,0.736342042755333,50.84078000000012,73.08894989355385
TQQQ,buy,2025-07-07,2025-07-07 09:30:00-04:00,2025-07-07 15:00:00-04:00,83.64,82.92,-0.7199999999999989,-0.8608321377331406,50.120780000000124,72.2281177558207
TQQQ,sell,2025-07-08,2025-07-08 09:30:00-04:00,2025-07-08 15:00:00-04:00,82.94,83.01,-0.07000000000000739,-0.08439836026043813,50.05078000000012,72.14371939556027
TQQQ,buy,2025-07-09,2025-07-09 09:30:00-04:00,2025-07-09 15:00:00-04:00,85.12,84.77,-0.3500000000000085,-0.41118421052632576,49.70078000000011,71.73253518503394
TQQQ,sell,2025-07-10,2025-07-10 09:30:00-04:00,2025-07-10 15:00:00-04:00,83.79,84.38,-0.5899999999999892,-0.7041413056450521,49.11078000000012,71.02839387938889
TQQQ,buy,2025-07-11,2025-07-11 09:30:00-04:00,2025-07-11 15:00:00-04:00,83.84,83.72,-0.12000000000000455,-0.14312977099237184,48.990780000000115,70.88526410839651
TQQQ,sell,2025-07-14,2025-07-14 09:30:00-04:00,2025-07-14 15:00:00-04:00,83.29,84.59,-1.2999999999999972,-1.5608116220434591,47.69078000000012,69.32445248635305
TQQQ,sell,2025-07-15,2025-07-15 09:30:00-04:00,2025-07-15 15:00:00-04:00,85.78,84.81,0.9699999999999989,1.130799720214501,48.660780000000116,70.45525220656755
TQQQ,sell,2025-07-16,2025-07-16 09:30:00-04:00,2025-07-16 15:00:00-04:00,83.92,85.08,-1.1599999999999966,-1.3822688274547146,47.50078000000012,69.07298337911284
TQQQ,buy,2025-07-17,2025-07-17 09:30:00-04:00,2025-07-17 15:00:00-04:00,85.92,87.08,1.1599999999999966,1.3500931098696423,48.660780000000116,70.42307648898249
TQQQ,sell,2025-07-18,2025-07-18 09:30:00-04:00,2025-07-18 15:00:00-04:00,87.15,86.76,0.39000000000000057,0.4475043029259903,49.05078000000012,70.87058079190848
TQQQ,buy,2025-07-21,2025-07-21 09:30:00-04:00,2025-07-21 15:00:00-04:00,88.43,88.09,-0.3400000000000034,-0.384484903313359,48.71078000000011,70.48609588859512
TQQQ,sell,2025-07-22,2025-07-22 09:30:00-04:00,2025-07-22 15:00:00-04:00,85.82,86.69,-0.8700000000000045,-1.013749708692618,47.84078000000011,69.4723461799025
TQQQ,sell,2025-07-23,2025-07-23 09:30:00-04:00,2025-07-23 15:00:00-04:00,86.13,87.86,-1.730000000000004,-2.0085916637640824,46.110780000000105,67.46375451613842
TQQQ,sell,2025-07-24,2025-07-24 09:30:00-04:00,2025-07-24 15:00:00-04:00,88.33,88.41,-0.0799999999999983,-0.09056945545114717,46.03078000000011,67.37318506068728
TQQQ,buy,2025-07-25,2025-07-25 09:30:00-04:00,2025-07-25 15:00:00-04:00,88.64,88.94,0.29999999999999716,0.33844765342959965,46.330780000000104,67.71163271411687
TQQQ,buy,2025-07-28,2025-07-28 09:30:00-04:00,2025-07-28 15:00:00-04:00,90.12,89.79,-0.3299999999999983,-0.36617842876164924,46.000780000000105,67.34545428535523
TQQQ,sell,2025-07-29,2025-07-29 09:30:00-04:00,2025-07-29 15:00:00-04:00,90.9,89.36,1.5400000000000063,1.6941694169417008,47.54078000000011,69.03962370229694
TQQQ,sell,2025-07-30,2025-07-30 09:30:00-04:00,2025-07-30 15:00:00-04:00,89.68,89.7,-0.01999999999999602,-0.022301516503117774,47.520780000000116,69.01732218579382
TQQQ,sell,2025-07-31,2025-07-31 09:30:00-04:00,2025-07-31 11:00:00-04:00,91.83,89.80973999999999,2.0202600000000075,2.200000000000008,49.54104000000012,71.21732218579382
TQQQ,sell,2025-08-01,2025-08-01 09:30:00-04:00,2025-08-01 15:00:00-04:00,82.9,82.91,-0.009999999999990905,-0.01206272617610483,49.53104000000013,71.20525945961771
TQQQ,buy,2025-08-04,2025-08-04 09:30:00-04:00,2025-08-04 15:00:00-04:00,86.87,87.48,0.6099999999999994,0.7021986876942551,50.14104000000013,71.90745814731196
TQQQ,buy,2025-08-05,2025-08-05 09:30:00-04:00,2025-08-05 15:00:00-04:00,88.4,85.63,-2.7700000000000102,-3.1334841628959387,47.37104000000012,68.77397398441602
TQQQ,buy,2025-08-06,2025-08-06 09:30:00-04:00,2025-08-06 11:00:00-04:00,86.38,88.28036,1.9003600000000063,2.2000000000000073,49.27140000000013,70.97397398441602
TQQQ,buy,2025-08-07,2025-08-07 09:30:00-04:00,2025-08-07 15:00:00-04:00,91.48,89.75,-1.730000000000004,-1.8911237428946261,47.541400000000124,69.0828502415214
TQQQ,buy,2025-08-08,2025-08-08 09:30:00-04:00,2025-08-08 15:00:00-04:00,91.37,92.17,0.7999999999999972,0.8755609062055348,48.34140000000012,69.95841114772693
TQQQ,buy,2025-08-11,2025-08-11 09:30:00-04:00,2025-08-11 15:00:00-04:00,92.55,91.31,-1.2399999999999949,-1.3398163155051268,47.101400000000126,68.6185948322218
TQQQ,sell,2025-08-12,2025-08-12 09:30:00-04:00,2025-08-12 15:00:00-04:00,91.5,94.73,-3.230000000000004,-3.530054644808747,43.87140000000012,65.08854018741306
TQQQ,sell,2025-08-13,2025-08-13 09:30:00-04:00,2025-08-13 15:00:00-04:00,95.72,94.86,0.8599999999999994,0.8984538236523186,44.73140000000012,65.98699401106538
TQQQ,buy,2025-08-14,2025-08-14 09:30:00-04:00,2025-08-14 15:00:00-04:00,94.77,94.6,-0.1700000000000017,-0.17938166086314414,44.56140000000012,65.80761235020223
TQQQ,sell,2025-08-15,2025-08-15 09:30:00-04:00,2025-08-15 15:00:00-04:00,93.25,93.23,0.01999999999999602,0.021447721179620398,44.581400000000116,65.82906007138186
TQQQ,sell,2025-08-18,2025-08-18 09:30:00-04:00,2025-08-18 15:00:00-04:00,92.57,93.14,-0.5700000000000074,-0.6157502430593145,44.01140000000011,65.21330982832255
TQQQ,sell,2025-08-19,2025-08-19 09:30:00-04:00,2025-08-19 12:00:00-04:00,91.77,89.75106,2.0189400000000006,2.200000000000001,46.03034000000011,67.41330982832255
TQQQ,sell,2025-08-20,2025-08-20 09:30:00-04:00,2025-08-20 15:00:00-04:00,85.95,87.68,-1.730000000000004,-2.012798138452593,44.300340000000105,65.40051168986996
TQQQ,sell,2025-08-21,2025-08-21 09:30:00-04:00,2025-08-21 15:00:00-04:00,86.14,86.48,-0.3400000000000034,-0.3947062920826601,43.9603400000001,65.0058053977873
TQQQ,buy,2025-08-22,2025-08-22 09:30:00-04:00,2025-08-22 10:00:00-04:00,87.04,88.95488,1.9148799999999966,2.199999999999996,45.8752200000001,67.2058053977873
TQQQ,buy,2025-08-25,2025-08-25 09:30:00-04:00,2025-08-25 15:00:00-04:00,89.88,89.59,-0.28999999999999204,-0.32265242545615497,45.585220000000106,66.88315297233115
TQQQ,buy,2025-08-26,2025-08-26 09:30:00-04:00,2025-08-26 15:00:00-04:00,89.61,90.63,1.019999999999996,1.1382658185470327,46.6052200000001,68.02141879087817
TQQQ,sell,2025-08-27,2025-08-27 09:30:00-04:00,2025-08-27 15:00:00-04:00,90.07,91.04,-0.9700000000000131,-1.0769401576551718,45.63522000000009,66.944478633223
TQQQ,sell,2025-08-28,2025-08-28 09:30:00-04:00,2025-08-28 15:00:00-04:00,90.93,92.68,-1.75,-1.9245573518090837,43.88522000000009,65.01992128141391
TQQQ,sell,2025-08-29,2025-08-29 09:30:00-04:00,2025-08-29 15:00:00-04:00,89.88,89.28,0.5999999999999943,0.6675567423230911,44.48522000000008,65.687478023737
TQQQ,buy,2025-09-02,2025-09-02 09:30:00-04:00,2025-09-02 15:00:00-04:00,86.62,87.08,0.45999999999999375,0.5310551835603714,44.94522000000008,66.21853320729737
TQQQ,sell,2025-09-03,2025-09-03 09:30:00-04:00,2025-09-03 15:00:00-04:00,88.34,89.06,-0.7199999999999989,-0.8150328277111148,44.22522000000008,65.40350037958625
TQQQ,sell,2025-09-04,2025-09-04 09:30:00-04:00,2025-09-04 15:00:00-04:00,89.35,91.52,-2.1700000000000017,-2.4286513710128728,42.05522000000008,62.97484900857337
TQQQ,sell,2025-09-05,2025-09-05 09:30:00-04:00,2025-09-05 10:00:00-04:00,93.69,91.62881999999999,2.0611800000000073,2.2000000000000077,44.116400000000084,65.17484900857337
TQQQ,buy,2025-09-08,2025-09-08 09:30:00-04:00,2025-09-08 15:00:00-04:00,93.62,93.11,-0.5100000000000051,-0.5447553941465553,43.60640000000008,64.63009361442683
TQQQ,sell,2025-09-09,2025-09-09 09:30:00-04:00,2025-09-09 15:00:00-04:00,93.26,93.89,-0.6299999999999955,-0.6755307741797077,42.97640000000008,63.95456284024712
TQQQ,sell,2025-09-10,2025-09-10 09:30:00-04:00,2025-09-10 15:00:00-04:00,94.64,93.98,0.6599999999999966,0.697379543533386,43.63640000000008,64.65194238378051
TQQQ,buy,2025-09-11,2025-09-11 09:30:00-04:00,2025-09-11 15:00:00-04:00,95.21,95.58,0.37000000000000455,0.38861464131919393,44.006400000000085,65.0405570250997
TQQQ,buy,2025-09-12,2025-09-12 09:30:00-04:00,2025-09-12 15:00:00-04:00,96.03,96.77,0.7399999999999949,0.7705925231698374,44.74640000000008,65.81114954826954
TQQQ,buy,2025-09-15,2025-09-15 09:30:00-04:00,2025-09-15 15:00:00-04:00,98.63,99.24,0.6099999999999994,0.6184730812126122,45.35640000000008,66.42962262948215
TQQQ,sell,2025-09-16,2025-09-16 09:30:00-04:00,2025-09-16 15:00:00-04:00,99.05,98.93,0.11999999999999034,0.12115093387177217,45.47640000000007,66.55077356335393
TQQQ,sell,2025-09-17,2025-09-17 09:30:00-04:00,2025-09-17 14:00:00-04:00,98.34,96.17652,2.163480000000007,2.2000000000000073,47.639880000000076,68.75077356335393
TQQQ,buy,2025-09-18,2025-09-18 09:30:00-04:00,2025-09-18 15:00:00-04:00,100.97,100.99,0.01999999999999602,0.01980786372189365,47.65988000000007,68.77058142707583
TQQQ,buy,2025-09-19,2025-09-19 09:30:00-04:00,2025-09-19 15:00:00-04:00,102.17,102.99,0.8199999999999932,0.8025839287462005,48.479880000000065,69.57316535582203
TQQQ,buy,2025-09-22,2025-09-22 09:30:00-04:00,2025-09-22 15:00:00-04:00,103.18,104.76,1.5799999999999983,1.5313045163791414,50.059880000000064,71.10446987220116
TQQQ,sell,2025-09-23,2025-09-23 09:30:00-04:00,2025-09-23 15:00:00-04:00,104.01,102.59,1.4200000000000017,1.365253341024903,51.479880000000065,72.46972321322606
TQQQ,sell,2025-09-24,2025-09-24 09:30:00-04:00,2025-09-24 12:00:00-04:00,102.39,100.13741999999999,2.252580000000009,2.2000000000000086,53.732460000000074,74.66972321322606
TQQQ,sell,2025-09-25,2025-09-25 09:30:00-04:00,2025-09-25 11:00:00-04:00,97.88,100.64,-2.760000000000005,-2.819779321618314,50.97246000000007,71.84994389160775
